id,name,price,url
1678122166,A Light in the ...,Â£51.77,catalogue/a-light-in-the-attic_1000/index.html
1678122166,Tipping the Velvet,Â£53.74,catalogue/tipping-the-velvet_999/index.html
1678122166,Soumission,Â£50.10,catalogue/soumission_998/index.html
1678122166,Sharp Objects,Â£47.82,catalogue/sharp-objects_997/index.html
1678122166,Sapiens: A Brief History ...,Â£54.23,catalogue/sapiens-a-brief-history-of-humankind_996/index.html
1678122166,The Requiem Red,Â£22.65,catalogue/the-requiem-red_995/index.html
1678122166,The Dirty Little Secrets ...,Â£33.34,catalogue/the-dirty-little-secrets-of-getting-your-dream-job_994/index.html
1678122166,The Coming Woman: A ...,Â£17.93,catalogue/the-coming-woman-a-novel-based-on-the-life-of-the-infamous-feminist-victoria-woodhull_993/index.html
1678122166,The Boys in the ...,Â£22.60,catalogue/the-boys-in-the-boat-nine-americans-and-their-epic-quest-for-gold-at-the-1936-berlin-olympics_992/index.html
1678122166,The Black Maria,Â£52.15,catalogue/the-black-maria_991/index.html
1678122166,Starving Hearts (Triangular Trade ...,Â£13.99,catalogue/starving-hearts-triangular-trade-trilogy-1_990/index.html
1678122166,Shakespeare's Sonnets,Â£20.66,catalogue/shakespeares-sonnets_989/index.html
1678122166,Set Me Free,Â£17.46,catalogue/set-me-free_988/index.html
1678122166,Scott Pilgrim's Precious Little ...,Â£52.29,catalogue/scott-pilgrims-precious-little-life-scott-pilgrim-1_987/index.html
1678122166,Rip it Up and ...,Â£35.02,catalogue/rip-it-up-and-start-again_986/index.html
1678122166,Our Band Could Be ...,Â£57.25,catalogue/our-band-could-be-your-life-scenes-from-the-american-indie-underground-1981-1991_985/index.html
1678122166,Olio,Â£23.88,catalogue/olio_984/index.html
1678122166,Mesaerion: The Best Science ...,Â£37.59,catalogue/mesaerion-the-best-science-fiction-stories-1800-1849_983/index.html
1678122166,Libertarianism for Beginners,Â£51.33,catalogue/libertarianism-for-beginners_982/index.html
1678122166,It's Only the Himalayas,Â£45.17,catalogue/its-only-the-himalayas_981/index.html
1678122168,In Her Wake,Â£12.84,in-her-wake_980/index.html
1678122168,How Music Works,Â£37.32,how-music-works_979/index.html
1678122168,Foolproof Preserving: A Guide ...,Â£30.52,foolproof-preserving-a-guide-to-small-batch-jams-jellies-pickles-condiments-and-more-a-foolproof-guide-to-making-small-batch-jams-jellies-pickles-condiments-and-more_978/index.html
1678122168,Chase Me (Paris Nights ...,Â£25.27,chase-me-paris-nights-2_977/index.html
1678122168,Black Dust,Â£34.53,black-dust_976/index.html
1678122168,Birdsong: A Story in ...,Â£54.64,birdsong-a-story-in-pictures_975/index.html
1678122168,America's Cradle of Quarterbacks: ...,Â£22.50,americas-cradle-of-quarterbacks-western-pennsylvanias-football-factory-from-johnny-unitas-to-joe-montana_974/index.html
1678122168,Aladdin and His Wonderful ...,Â£53.13,aladdin-and-his-wonderful-lamp_973/index.html
1678122168,Worlds Elsewhere: Journeys Around ...,Â£40.30,worlds-elsewhere-journeys-around-shakespeares-globe_972/index.html
1678122168,Wall and Piece,Â£44.18,wall-and-piece_971/index.html
1678122168,The Four Agreements: A ...,Â£17.66,the-four-agreements-a-practical-guide-to-personal-freedom_970/index.html
1678122168,The Five Love Languages: ...,Â£31.05,the-five-love-languages-how-to-express-heartfelt-commitment-to-your-mate_969/index.html
1678122168,The Elephant Tree,Â£23.82,the-elephant-tree_968/index.html
1678122168,The Bear and the ...,Â£36.89,the-bear-and-the-piano_967/index.html
1678122168,Sophie's World,Â£15.94,sophies-world_966/index.html
1678122168,Penny Maybe,Â£33.29,penny-maybe_965/index.html
1678122168,Maude (1883-1993):She Grew Up ...,Â£18.02,maude-1883-1993she-grew-up-with-the-country_964/index.html
1678122168,"In a Dark, Dark ...",Â£19.63,in-a-dark-dark-wood_963/index.html
1678122168,Behind Closed Doors,Â£52.22,behind-closed-doors_962/index.html
1678122168,You can't bury them ...,Â£33.63,you-cant-bury-them-all-poems_961/index.html
1678122170,Slow States of Collapse: ...,Â£57.31,slow-states-of-collapse-poems_960/index.html
1678122170,Reasons to Stay Alive,Â£26.41,reasons-to-stay-alive_959/index.html
1678122170,Private Paris (Private #10),Â£47.61,private-paris-private-10_958/index.html
1678122170,#HigherSelfie: Wake Up Your ...,Â£23.11,higherselfie-wake-up-your-life-free-your-soul-find-your-tribe_957/index.html
1678122170,Without Borders (Wanderlove #1),Â£45.07,without-borders-wanderlove-1_956/index.html
1678122170,When We Collided,Â£31.77,when-we-collided_955/index.html
1678122170,"We Love You, Charlie ...",Â£50.27,we-love-you-charlie-freeman_954/index.html
1678122170,Untitled Collection: Sabbath Poems ...,Â£14.27,untitled-collection-sabbath-poems-2014_953/index.html
1678122170,Unseen City: The Majesty ...,Â£44.18,unseen-city-the-majesty-of-pigeons-the-discreet-charm-of-snails-other-wonders-of-the-urban-wilderness_952/index.html
1678122170,Unicorn Tracks,Â£18.78,unicorn-tracks_951/index.html
1678122170,Unbound: How Eight Technologies ...,Â£25.52,unbound-how-eight-technologies-made-us-human-transformed-society-and-brought-our-world-to-the-brink_950/index.html
1678122170,Tsubasa: WoRLD CHRoNiCLE 2 ...,Â£16.28,tsubasa-world-chronicle-2-tsubasa-world-chronicle-2_949/index.html
1678122170,Throwing Rocks at the ...,Â£31.12,throwing-rocks-at-the-google-bus-how-growth-became-the-enemy-of-prosperity_948/index.html
1678122170,This One Summer,Â£19.49,this-one-summer_947/index.html
1678122170,Thirst,Â£17.27,thirst_946/index.html
1678122170,The Torch Is Passed: ...,Â£19.09,the-torch-is-passed-a-harding-family-story_945/index.html
1678122170,The Secret of Dreadwillow ...,Â£56.13,the-secret-of-dreadwillow-carse_944/index.html
1678122170,The Pioneer Woman Cooks: ...,Â£56.41,the-pioneer-woman-cooks-dinnertime-comfort-classics-freezer-food-16-minute-meals-and-other-delicious-ways-to-solve-supper_943/index.html
1678122170,The Past Never Ends,Â£56.50,the-past-never-ends_942/index.html
1678122170,The Natural History of ...,Â£45.22,the-natural-history-of-us-the-fine-art-of-pretending-2_941/index.html
1678122175,The Nameless City (The ...,Â£38.16,the-nameless-city-the-nameless-city-1_940/index.html
1678122175,The Murder That Never ...,Â£54.11,the-murder-that-never-was-forensic-instincts-5_939/index.html
1678122175,The Most Perfect Thing: ...,Â£42.96,the-most-perfect-thing-inside-and-outside-a-birds-egg_938/index.html
1678122175,The Mindfulness and Acceptance ...,Â£23.89,the-mindfulness-and-acceptance-workbook-for-anxiety-a-guide-to-breaking-free-from-anxiety-phobias-and-worry-using-acceptance-and-commitment-therapy_937/index.html
1678122175,The Life-Changing Magic of ...,Â£16.77,the-life-changing-magic-of-tidying-up-the-japanese-art-of-decluttering-and-organizing_936/index.html
1678122175,The Inefficiency Assassin: Time ...,Â£20.59,the-inefficiency-assassin-time-management-tactics-for-working-smarter-not-longer_935/index.html
1678122175,The Gutsy Girl: Escapades ...,Â£37.13,the-gutsy-girl-escapades-for-your-life-of-epic-adventure_934/index.html
1678122175,The Electric Pencil: Drawings ...,Â£56.06,the-electric-pencil-drawings-from-inside-state-hospital-no-3_933/index.html
1678122175,The Death of Humanity: ...,Â£58.11,the-death-of-humanity-and-the-case-for-life_932/index.html
1678122175,The Bulletproof Diet: Lose ...,Â£49.05,the-bulletproof-diet-lose-up-to-a-pound-a-day-reclaim-energy-and-focus-upgrade-your-life_931/index.html
1678122175,The Art Forger,Â£40.76,the-art-forger_930/index.html
1678122175,The Age of Genius: ...,Â£19.73,the-age-of-genius-the-seventeenth-century-and-the-birth-of-the-modern-mind_929/index.html
1678122175,The Activist's Tao Te ...,Â£32.24,the-activists-tao-te-ching-ancient-advice-for-a-modern-revolution_928/index.html
1678122175,Spark Joy: An Illustrated ...,Â£41.83,spark-joy-an-illustrated-master-class-on-the-art-of-organizing-and-tidying-up_927/index.html
1678122175,Soul Reader,Â£39.58,soul-reader_926/index.html
1678122175,Security,Â£39.25,security_925/index.html
1678122175,"Saga, Volume 6 (Saga ...",Â£25.02,saga-volume-6-saga-collected-editions-6_924/index.html
1678122175,"Saga, Volume 5 (Saga ...",Â£51.04,saga-volume-5-saga-collected-editions-5_923/index.html
1678122175,Reskilling America: Learning to ...,Â£19.83,reskilling-america-learning-to-labor-in-the-twenty-first-century_922/index.html
1678122175,"Rat Queens, Vol. 3: ...",Â£50.40,rat-queens-vol-3-demons-rat-queens-collected-editions-11-15_921/index.html
1678122177,"Princess Jellyfish 2-in-1 Omnibus, ...",Â£13.61,princess-jellyfish-2-in-1-omnibus-vol-01-princess-jellyfish-2-in-1-omnibus-1_920/index.html
1678122177,Princess Between Worlds (Wide-Awake ...,Â£13.34,princess-between-worlds-wide-awake-princess-5_919/index.html
1678122177,"Pop Gun War, Volume ...",Â£18.97,pop-gun-war-volume-1-gift_918/index.html
1678122177,"Political Suicide: Missteps, Peccadilloes, ...",Â£36.28,political-suicide-missteps-peccadilloes-bad-calls-backroom-hijinx-sordid-pasts-rotten-breaks-and-just-plain-dumb-mistakes-in-the-annals-of-american-politics_917/index.html
1678122177,Patience,Â£10.16,patience_916/index.html
1678122177,"Outcast, Vol. 1: A ...",Â£15.44,outcast-vol-1-a-darkness-surrounds-him-outcast-1_915/index.html
1678122177,orange: The Complete Collection ...,Â£48.41,orange-the-complete-collection-1-orange-the-complete-collection-1_914/index.html
1678122177,Online Marketing for Busy ...,Â£46.35,online-marketing-for-busy-authors-a-step-by-step-guide_913/index.html
1678122177,On a Midnight Clear,Â£14.07,on-a-midnight-clear_912/index.html
1678122177,Obsidian (Lux #1),Â£14.86,obsidian-lux-1_911/index.html
1678122177,My Paris Kitchen: Recipes ...,Â£33.37,my-paris-kitchen-recipes-and-stories_910/index.html
1678122177,Masks and Shadows,Â£56.40,masks-and-shadows_909/index.html
1678122177,Mama Tried: Traditional Italian ...,Â£14.02,mama-tried-traditional-italian-cooking-for-the-screwed-crude-vegan-and-tattooed_908/index.html
1678122177,"Lumberjanes, Vol. 2: Friendship ...",Â£46.91,lumberjanes-vol-2-friendship-to-the-max-lumberjanes-5-8_907/index.html
1678122177,"Lumberjanes, Vol. 1: Beware ...",Â£45.61,lumberjanes-vol-1-beware-the-kitten-holy-lumberjanes-1-4_906/index.html
1678122177,Lumberjanes Vol. 3: A ...,Â£19.92,lumberjanes-vol-3-a-terrible-plan-lumberjanes-9-12_905/index.html
1678122177,"Layered: Baking, Building, and ...",Â£40.11,layered-baking-building-and-styling-spectacular-cakes_904/index.html
1678122177,Judo: Seven Steps to ...,Â£53.90,judo-seven-steps-to-black-belt-an-introductory-guide-for-beginners_903/index.html
1678122177,Join,Â£35.67,join_902/index.html
1678122177,In the Country We ...,Â£22.00,in-the-country-we-love-my-family-divided_901/index.html
1678122180,Immunity: How Elie Metchnikoff ...,Â£57.36,immunity-how-elie-metchnikoff-changed-the-course-of-modern-medicine_900/index.html
1678122180,"I Hate Fairyland, Vol. ...",Â£29.17,i-hate-fairyland-vol-1-madly-ever-after-i-hate-fairyland-compilations-1-5_899/index.html
1678122180,I am a Hero ...,Â£54.63,i-am-a-hero-omnibus-volume-1_898/index.html
1678122180,How to Be Miserable: ...,Â£46.03,how-to-be-miserable-40-strategies-you-already-use_897/index.html
1678122180,Her Backup Boyfriend (The ...,Â£33.97,her-backup-boyfriend-the-sorensen-family-1_896/index.html
1678122180,"Giant Days, Vol. 2 ...",Â£22.11,giant-days-vol-2-giant-days-5-8_895/index.html
1678122180,Forever and Forever: The ...,Â£29.69,forever-and-forever-the-courtship-of-henry-longfellow-and-fanny-appleton_894/index.html
1678122180,First and First (Five ...,Â£15.97,first-and-first-five-boroughs-3_893/index.html
1678122180,Fifty Shades Darker (Fifty ...,Â£21.96,fifty-shades-darker-fifty-shades-2_892/index.html
1678122180,Everydata: The Misinformation Hidden ...,Â£54.35,everydata-the-misinformation-hidden-in-the-little-data-you-consume-every-day_891/index.html
1678122180,Don't Be a Jerk: ...,Â£37.97,dont-be-a-jerk-and-other-practical-advice-from-dogen-japans-greatest-zen-master_890/index.html
1678122180,Danganronpa Volume 1,Â£51.99,danganronpa-volume-1_889/index.html
1678122180,Crown of Midnight (Throne ...,Â£43.29,crown-of-midnight-throne-of-glass-2_888/index.html
1678122180,"Codename Baboushka, Volume 1: ...",Â£36.72,codename-baboushka-volume-1-the-conclave-of-death_887/index.html
1678122180,Camp Midnight,Â£17.08,camp-midnight_886/index.html
1678122180,Call the Nurse: True ...,Â£29.14,call-the-nurse-true-stories-of-a-country-nurse-on-a-scottish-isle_885/index.html
1678122180,Burning,Â£28.81,burning_884/index.html
1678122180,Bossypants,Â£49.46,bossypants_883/index.html
1678122180,"Bitch Planet, Vol. 1: ...",Â£37.92,bitch-planet-vol-1-extraordinary-machine-bitch-planet-collected-editions_882/index.html
1678122180,Avatar: The Last Airbender: ...,Â£28.09,avatar-the-last-airbender-smoke-and-shadow-part-3-smoke-and-shadow-3_881/index.html
1678122184,Algorithms to Live By: ...,Â£30.81,algorithms-to-live-by-the-computer-science-of-human-decisions_880/index.html
1678122184,A World of Flavor: ...,Â£42.95,a-world-of-flavor-your-gluten-free-passport_879/index.html
1678122184,"A Piece of Sky, ...",Â£56.76,a-piece-of-sky-a-grain-of-rice-a-memoir-in-four-meditations_878/index.html
1678122184,A Murder in Time,Â£16.64,a-murder-in-time_877/index.html
1678122184,A Flight of Arrows ...,Â£55.53,a-flight-of-arrows-the-pathfinders-2_876/index.html
1678122184,A Fierce and Subtle ...,Â£28.13,a-fierce-and-subtle-poison_875/index.html
1678122184,A Court of Thorns ...,Â£52.37,a-court-of-thorns-and-roses-a-court-of-thorns-and-roses-1_874/index.html
1678122184,(Un)Qualified: How God Uses ...,Â£54.00,unqualified-how-god-uses-broken-people-to-do-big-things_873/index.html
1678122184,You Are What You ...,Â£21.87,you-are-what-you-love-the-spiritual-power-of-habit_872/index.html
1678122184,William Shakespeare's Star Wars: ...,Â£43.30,william-shakespeares-star-wars-verily-a-new-hope-william-shakespeares-star-wars-4_871/index.html
1678122184,Tuesday Nights in 1980,Â£21.04,tuesday-nights-in-1980_870/index.html
1678122184,Tracing Numbers on a ...,Â£41.60,tracing-numbers-on-a-train_869/index.html
1678122184,Throne of Glass (Throne ...,Â£35.07,throne-of-glass-throne-of-glass-1_868/index.html
1678122184,Thomas Jefferson and the ...,Â£59.64,thomas-jefferson-and-the-tripoli-pirates-the-forgotten-war-that-changed-american-history_867/index.html
1678122184,Thirteen Reasons Why,Â£52.72,thirteen-reasons-why_866/index.html
1678122184,The White Cat and ...,Â£58.08,the-white-cat-and-the-monk-a-retelling-of-the-poem-pangur-ban_865/index.html
1678122184,The Wedding Dress,Â£24.12,the-wedding-dress_864/index.html
1678122184,The Vacationers,Â£42.15,the-vacationers_863/index.html
1678122184,The Third Wave: An ...,Â£12.61,the-third-wave-an-entrepreneurs-vision-of-the-future_862/index.html
1678122184,The Stranger,Â£17.44,the-stranger_861/index.html
1678122187,The Shadow Hero (The ...,Â£33.14,the-shadow-hero-the-shadow-hero_860/index.html
1678122187,The Secret (The Secret ...,Â£27.37,the-secret-the-secret-1_859/index.html
1678122187,The Regional Office Is ...,Â£51.36,the-regional-office-is-under-attack_858/index.html
1678122187,The Psychopath Test: A ...,Â£36.00,the-psychopath-test-a-journey-through-the-madness-industry_857/index.html
1678122187,The Project,Â£10.65,the-project_856/index.html
1678122187,The Power of Now: ...,Â£43.54,the-power-of-now-a-guide-to-spiritual-enlightenment_855/index.html
1678122187,The Omnivore's Dilemma: A ...,Â£38.21,the-omnivores-dilemma-a-natural-history-of-four-meals_854/index.html
1678122187,The Nerdy Nummies Cookbook: ...,Â£37.34,the-nerdy-nummies-cookbook-sweet-treats-for-the-geek-in-all-of-us_853/index.html
1678122187,The Murder of Roger ...,Â£44.10,the-murder-of-roger-ackroyd-hercule-poirot-4_852/index.html
1678122187,The Mistake (Off-Campus #2),Â£43.29,the-mistake-off-campus-2_851/index.html
1678122187,The Matchmaker's Playbook (Wingmen ...,Â£55.85,the-matchmakers-playbook-wingmen-inc-1_850/index.html
1678122187,The Love and Lemons ...,Â£37.60,the-love-and-lemons-cookbook-an-apple-to-zucchini-celebration-of-impromptu-cooking_849/index.html
1678122187,The Long Shadow of ...,Â£10.97,the-long-shadow-of-small-ghosts-murder-and-memory-in-an-american-city_848/index.html
1678122187,The Kite Runner,Â£41.82,the-kite-runner_847/index.html
1678122187,The House by the ...,Â£36.95,the-house-by-the-lake_846/index.html
1678122187,The Glittering Court (The ...,Â£44.28,the-glittering-court-the-glittering-court-1_845/index.html
1678122187,The Girl on the ...,Â£55.02,the-girl-on-the-train_844/index.html
1678122187,The Genius of Birds,Â£17.24,the-genius-of-birds_843/index.html
1678122187,The Emerald Mystery,Â£23.15,the-emerald-mystery_842/index.html
1678122187,The Cookies & Cups ...,Â£41.25,the-cookies-cups-cookbook-125-sweet-savory-recipes-reminding-you-to-always-eat-dessert-first_841/index.html
1678122189,The Bridge to Consciousness: ...,Â£32.00,the-bridge-to-consciousness-im-writing-the-bridge-between-science-and-our-old-and-new-beliefs_840/index.html
1678122189,The Artist's Way: A ...,Â£38.49,the-artists-way-a-spiritual-path-to-higher-creativity_839/index.html
1678122189,The Art of War,Â£33.34,the-art-of-war_838/index.html
1678122189,The Argonauts,Â£10.93,the-argonauts_837/index.html
1678122189,The 10% Entrepreneur: Live ...,Â£27.55,the-10-entrepreneur-live-your-startup-dream-without-quitting-your-day-job_836/index.html
1678122189,Suddenly in Love (Lake ...,Â£55.99,suddenly-in-love-lake-haven-1_835/index.html
1678122189,Something More Than This,Â£16.24,something-more-than-this_834/index.html
1678122189,Soft Apocalypse,Â£26.12,soft-apocalypse_833/index.html
1678122189,So You've Been Publicly ...,Â£12.23,so-youve-been-publicly-shamed_832/index.html
1678122189,Shoe Dog: A Memoir ...,Â£23.99,shoe-dog-a-memoir-by-the-creator-of-nike_831/index.html
1678122189,"Shobu Samurai, Project Aryoku ...",Â£29.06,shobu-samurai-project-aryoku-3_830/index.html
1678122189,Secrets and Lace (Fatal ...,Â£20.27,secrets-and-lace-fatal-hearts-1_829/index.html
1678122189,Scarlett Epstein Hates It ...,Â£43.55,scarlett-epstein-hates-it-here_828/index.html
1678122189,Romero and Juliet: A ...,Â£36.94,romero-and-juliet-a-tragic-tale-of-love-and-zombies_827/index.html
1678122189,Redeeming Love,Â£20.47,redeeming-love_826/index.html
1678122189,Poses for Artists Volume ...,Â£41.06,poses-for-artists-volume-1-dynamic-and-sitting-poses-an-essential-reference-for-figure-drawing-and-the-human-form_825/index.html
1678122189,Poems That Make Grown ...,Â£14.19,poems-that-make-grown-women-cry_824/index.html
1678122189,"Nightingale, Sing",Â£38.28,nightingale-sing_823/index.html
1678122189,Night Sky with Exit ...,Â£41.05,night-sky-with-exit-wounds_822/index.html
1678122189,Mrs. Houdini,Â£30.25,mrs-houdini_821/index.html
1678122192,Modern Romance,Â£28.26,modern-romance_820/index.html
1678122192,Miss Peregrineâs Home for ...,Â£10.76,miss-peregrines-home-for-peculiar-children-miss-peregrines-peculiar-children-1_819/index.html
1678122192,Louisa: The Extraordinary Life ...,Â£16.85,louisa-the-extraordinary-life-of-mrs-adams_818/index.html
1678122192,Little Red,Â£13.47,little-red_817/index.html
1678122192,Library of Souls (Miss ...,Â£48.56,library-of-souls-miss-peregrines-peculiar-children-3_816/index.html
1678122192,Large Print Heart of ...,Â£19.15,large-print-heart-of-the-pride_815/index.html
1678122192,I Had a Nice ...,Â£57.36,i-had-a-nice-time-and-other-lies-how-to-find-love-sht-like-that_814/index.html
1678122192,Hollow City (Miss Peregrineâs ...,Â£42.98,hollow-city-miss-peregrines-peculiar-children-2_813/index.html
1678122192,Grumbles,Â£22.16,grumbles_812/index.html
1678122192,Full Moon over Noahâs ...,Â£49.43,full-moon-over-noahs-ark-an-odyssey-to-mount-ararat-and-beyond_811/index.html
1678122192,Frostbite (Vampire Academy #2),Â£29.99,frostbite-vampire-academy-2_810/index.html
1678122192,Follow You Home,Â£21.36,follow-you-home_809/index.html
1678122192,First Steps for New ...,Â£29.00,first-steps-for-new-christians-print-edition_808/index.html
1678122192,Finders Keepers (Bill Hodges ...,Â£53.53,finders-keepers-bill-hodges-trilogy-2_807/index.html
1678122192,"Fables, Vol. 1: Legends ...",Â£41.62,fables-vol-1-legends-in-exile-fables-1_806/index.html
1678122192,Eureka Trivia 6.0,Â£54.59,eureka-trivia-60_805/index.html
1678122192,Drive: The Surprising Truth ...,Â£34.95,drive-the-surprising-truth-about-what-motivates-us_804/index.html
1678122192,Done Rubbed Out (Reightman ...,Â£37.72,done-rubbed-out-reightman-bailey-1_803/index.html
1678122192,Doing It Over (Most ...,Â£35.61,doing-it-over-most-likely-to-1_802/index.html
1678122192,Deliciously Ella Every Day: ...,Â£42.16,deliciously-ella-every-day-quick-and-easy-recipes-for-gluten-free-snacks-packed-lunches-and-simple-meals_801/index.html
1678122194,Dark Notes,Â£19.19,dark-notes_800/index.html
1678122194,Daring Greatly: How the ...,Â£19.43,daring-greatly-how-the-courage-to-be-vulnerable-transforms-the-way-we-live-love-parent-and-lead_799/index.html
1678122194,Close to You,Â£49.46,close-to-you_798/index.html
1678122194,Chasing Heaven: What Dying ...,Â£37.80,chasing-heaven-what-dying-taught-me-about-living_797/index.html
1678122194,Big Magic: Creative Living ...,Â£30.80,big-magic-creative-living-beyond-fear_796/index.html
1678122194,Becoming Wise: An Inquiry ...,Â£27.43,becoming-wise-an-inquiry-into-the-mystery-and-art-of-living_795/index.html
1678122194,Beauty Restored (Riley Family ...,Â£11.11,beauty-restored-riley-family-legacy-novellas-3_794/index.html
1678122194,Batman: The Long Halloween ...,Â£36.50,batman-the-long-halloween-batman_793/index.html
1678122194,Batman: The Dark Knight ...,Â£15.38,batman-the-dark-knight-returns-batman_792/index.html
1678122194,Ayumi's Violin,Â£15.48,ayumis-violin_791/index.html
1678122194,Anonymous,Â£46.82,anonymous_790/index.html
1678122194,Amy Meets the Saints ...,Â£18.46,amy-meets-the-saints-and-sages_789/index.html
1678122194,Amid the Chaos,Â£36.58,amid-the-chaos_788/index.html
1678122194,Amatus,Â£50.54,amatus_787/index.html
1678122194,Agnostic: A Spirited Manifesto,Â£12.51,agnostic-a-spirited-manifesto_786/index.html
1678122194,Zealot: The Life and ...,Â£24.70,zealot-the-life-and-times-of-jesus-of-nazareth_785/index.html
1678122194,You (You #1),Â£43.61,you-you-1_784/index.html
1678122194,"Wonder Woman: Earth One, ...",Â£37.34,wonder-woman-earth-one-volume-one-wonder-woman-earth-one-1_783/index.html
1678122194,Wild Swans,Â£14.36,wild-swans_782/index.html
1678122194,Why the Right Went ...,Â£52.65,why-the-right-went-wrong-conservatism-from-goldwater-to-the-tea-party-and-beyond_781/index.html
1678122197,Whole Lotta Creativity Going ...,Â£38.20,whole-lotta-creativity-going-on-60-fun-and-unusual-exercises-to-awaken-and-strengthen-your-creativity_780/index.html
1678122197,What's It Like in ...,Â£19.60,whats-it-like-in-space-stories-from-astronauts-whove-been-there_779/index.html
1678122197,"We Are Robin, Vol. ...",Â£53.90,we-are-robin-vol-1-the-vigilante-business-we-are-robin-1_778/index.html
1678122197,Walt Disney's Alice in ...,Â£12.96,walt-disneys-alice-in-wonderland_777/index.html
1678122197,V for Vendetta (V ...,Â£37.10,v-for-vendetta-v-for-vendetta-complete_776/index.html
1678122197,Until Friday Night (The ...,Â£46.31,until-friday-night-the-field-party-1_775/index.html
1678122197,Unbroken: A World War ...,Â£45.95,unbroken-a-world-war-ii-story-of-survival-resilience-and-redemption_774/index.html
1678122197,Twenty Yawns,Â£22.08,twenty-yawns_773/index.html
1678122197,Through the Woods,Â£25.38,through-the-woods_772/index.html
1678122197,This Is Where It ...,Â£27.12,this-is-where-it-ends_771/index.html
1678122197,The Year of Magical ...,Â£43.04,the-year-of-magical-thinking_770/index.html
1678122197,The Wright Brothers,Â£56.80,the-wright-brothers_769/index.html
1678122197,The White Queen (The ...,Â£25.91,the-white-queen-the-cousins-war-1_768/index.html
1678122197,The Wedding Pact (The ...,Â£32.61,the-wedding-pact-the-omalleys-2_767/index.html
1678122197,The Time Keeper,Â£27.88,the-time-keeper_766/index.html
1678122197,The Testament of Mary,Â£52.67,the-testament-of-mary_765/index.html
1678122197,The Star-Touched Queen,Â£46.02,the-star-touched-queen_764/index.html
1678122197,The Songs of the ...,Â£44.48,the-songs-of-the-gods_763/index.html
1678122197,The Song of Achilles,Â£37.40,the-song-of-achilles_762/index.html
1678122197,The Rosie Project (Don ...,Â£54.04,the-rosie-project-don-tillman-1_761/index.html
1678122200,The Power of Habit: ...,Â£16.88,the-power-of-habit-why-we-do-what-we-do-in-life-and-business_760/index.html
1678122200,The Marriage of Opposites,Â£28.08,the-marriage-of-opposites_759/index.html
1678122200,The Lucifer Effect: Understanding ...,Â£10.40,the-lucifer-effect-understanding-how-good-people-turn-evil_758/index.html
1678122200,The Long Haul (Diary ...,Â£44.07,the-long-haul-diary-of-a-wimpy-kid-9_757/index.html
1678122200,The Loney,Â£23.40,the-loney_756/index.html
1678122200,The Literature Book (Big ...,Â£17.43,the-literature-book-big-ideas-simply-explained_755/index.html
1678122200,The Last Mile (Amos ...,Â£54.21,the-last-mile-amos-decker-2_754/index.html
1678122200,The Immortal Life of ...,Â£40.67,the-immortal-life-of-henrietta-lacks_753/index.html
1678122200,The Hidden Oracle (The ...,Â£52.26,the-hidden-oracle-the-trials-of-apollo-1_752/index.html
1678122200,The Help Yourself Cookbook ...,Â£28.77,the-help-yourself-cookbook-for-kids-60-easy-plant-based-recipes-kids-can-make-to-stay-healthy-and-save-the-earth_751/index.html
1678122200,The Guilty (Will Robie ...,Â£13.82,the-guilty-will-robie-4_750/index.html
1678122200,The First Hostage (J.B. ...,Â£25.85,the-first-hostage-jb-collins-2_749/index.html
1678122200,The Dovekeepers,Â£48.78,the-dovekeepers_748/index.html
1678122200,The Darkest Lie,Â£35.35,the-darkest-lie_747/index.html
1678122200,The Bane Chronicles (The ...,Â£44.73,the-bane-chronicles-the-bane-chronicles-1-11_746/index.html
1678122200,The Bad-Ass Librarians of ...,Â£15.77,the-bad-ass-librarians-of-timbuktu-and-their-race-to-save-the-worlds-most-precious-manuscripts_745/index.html
1678122200,The 14th Colony (Cotton ...,Â£39.24,the-14th-colony-cotton-malone-11_744/index.html
1678122200,That Darkness (Gardiner and ...,Â£13.92,that-darkness-gardiner-and-renner-1_743/index.html
1678122200,Tastes Like Fear (DI ...,Â£10.69,tastes-like-fear-di-marnie-rome-3_742/index.html
1678122200,Take Me with You,Â£45.21,take-me-with-you_741/index.html
1678122203,Swell: A Year of ...,Â£45.58,swell-a-year-of-waves_740/index.html
1678122203,Superman Vol. 1: Before ...,Â£11.89,superman-vol-1-before-truth-superman-by-gene-luen-yang-1_739/index.html
1678122203,Still Life with Bread ...,Â£26.41,still-life-with-bread-crumbs_738/index.html
1678122203,Steve Jobs,Â£39.50,steve-jobs_737/index.html
1678122203,Sorting the Beef from ...,Â£44.74,sorting-the-beef-from-the-bull-the-science-of-food-fraud-forensics_736/index.html
1678122203,Someone Like You (The ...,Â£52.79,someone-like-you-the-harrisons-2_735/index.html
1678122203,"So Cute It Hurts!!, ...",Â£35.43,so-cute-it-hurts-vol-6-so-cute-it-hurts-6_734/index.html
1678122203,Shtum,Â£55.84,shtum_733/index.html
1678122203,See America: A Celebration ...,Â£48.87,see-america-a-celebration-of-our-national-parks-treasured-sites_732/index.html
1678122203,salt.,Â£46.78,salt_731/index.html
1678122203,Robin War,Â£47.82,robin-war_730/index.html
1678122203,"Red Hood/Arsenal, Vol. 1: ...",Â£25.48,red-hoodarsenal-vol-1-open-for-business-red-hoodarsenal-1_729/index.html
1678122203,Rain Fish,Â£23.57,rain-fish_728/index.html
1678122203,Quarter Life Poetry: Poems ...,Â£50.89,quarter-life-poetry-poems-for-the-young-broke-and-hangry_727/index.html
1678122203,Pet Sematary,Â£10.56,pet-sematary_726/index.html
1678122203,"Overload: How to Unplug, ...",Â£52.15,overload-how-to-unplug-unwind-and-unleash-yourself-from-the-pressure-of-stress_725/index.html
1678122203,Once Was a Time,Â£18.28,once-was-a-time_724/index.html
1678122203,Old School (Diary of ...,Â£11.83,old-school-diary-of-a-wimpy-kid-10_723/index.html
1678122203,No Dream Is Too ...,Â£21.95,no-dream-is-too-high-life-lessons-from-a-man-who-walked-on-the-moon_722/index.html
1678122203,"Naruto (3-in-1 Edition), Vol. ...",Â£38.39,naruto-3-in-1-edition-vol-14-includes-vols-40-41-42-naruto-omnibus-14_721/index.html
1678122205,My Name Is Lucy ...,Â£41.56,my-name-is-lucy-barton_720/index.html
1678122205,My Mrs. Brown,Â£24.48,my-mrs-brown_719/index.html
1678122205,My Kind of Crazy,Â£40.36,my-kind-of-crazy_718/index.html
1678122205,Mr. Mercedes (Bill Hodges ...,Â£28.90,mr-mercedes-bill-hodges-trilogy-1_717/index.html
1678122205,More Than Music (Chasing ...,Â£37.61,more-than-music-chasing-the-dream-1_716/index.html
1678122205,Made to Stick: Why ...,Â£38.85,made-to-stick-why-some-ideas-survive-and-others-die_715/index.html
1678122205,Luis Paints the World,Â£53.95,luis-paints-the-world_714/index.html
1678122205,Luckiest Girl Alive,Â£49.83,luckiest-girl-alive_713/index.html
1678122205,Lowriders to the Center ...,Â£51.51,lowriders-to-the-center-of-the-earth-lowriders-in-space-2_712/index.html
1678122205,Love Is a Mix ...,Â£18.03,love-is-a-mix-tape-music-1_711/index.html
1678122205,Looking for Lovely: Collecting ...,Â£29.14,looking-for-lovely-collecting-the-moments-that-matter_710/index.html
1678122205,Living Leadership by Insight: ...,Â£46.91,living-leadership-by-insight-a-good-leader-achieves-a-great-leader-builds-monuments_709/index.html
1678122205,Let It Out: A ...,Â£26.79,let-it-out-a-journey-through-journaling_708/index.html
1678122205,Lady Midnight (The Dark ...,Â£16.28,lady-midnight-the-dark-artifices-1_707/index.html
1678122205,"It's All Easy: Healthy, ...",Â£19.55,its-all-easy-healthy-delicious-weeknight-meals-in-under-30-minutes_706/index.html
1678122205,Island of Dragons (Unwanteds ...,Â£29.65,island-of-dragons-unwanteds-7_705/index.html
1678122205,I Know What I'm ...,Â£25.98,i-know-what-im-doing-and-other-lies-i-tell-myself-dispatches-from-a-life-under-construction_704/index.html
1678122205,I Am Pilgrim (Pilgrim ...,Â£10.60,i-am-pilgrim-pilgrim-1_703/index.html
1678122205,Hyperbole and a Half: ...,Â£14.75,hyperbole-and-a-half-unfortunate-situations-flawed-coping-mechanisms-mayhem-and-other-things-that-happened_702/index.html
1678122205,"Hush, Hush (Hush, Hush ...",Â£47.02,hush-hush-hush-hush-1_701/index.html
1678122208,Hold Your Breath (Search ...,Â£28.82,hold-your-breath-search-and-rescue-1_700/index.html
1678122208,Hamilton: The Revolution,Â£58.79,hamilton-the-revolution_699/index.html
1678122208,Greek Mythic History,Â£10.23,greek-mythic-history_698/index.html
1678122208,God: The Most Unpleasant ...,Â£30.03,god-the-most-unpleasant-character-in-all-fiction_697/index.html
1678122208,Glory over Everything: Beyond ...,Â£45.84,glory-over-everything-beyond-the-kitchen-house_696/index.html
1678122208,Feathers: Displays of Brilliant ...,Â£49.05,feathers-displays-of-brilliant-plumage_695/index.html
1678122208,Far & Away: Places ...,Â£15.06,far-away-places-on-the-brink-of-change-seven-continents-twenty-five-years_694/index.html
1678122208,Every Last Word,Â£46.47,every-last-word_693/index.html
1678122208,Eligible (The Austen Project ...,Â£27.09,eligible-the-austen-project-4_692/index.html
1678122208,El Deafo,Â£57.62,el-deafo_691/index.html
1678122208,Eight Hundred Grapes,Â£14.39,eight-hundred-grapes_690/index.html
1678122208,Eaternity: More than 150 ...,Â£51.75,eaternity-more-than-150-deliciously-easy-vegan-recipes-for-a-long-healthy-satisfied-joyful-life_689/index.html
1678122208,"Eat Fat, Get Thin",Â£54.07,eat-fat-get-thin_688/index.html
1678122208,Don't Get Caught,Â£55.35,dont-get-caught_687/index.html
1678122208,Doctor Sleep (The Shining ...,Â£40.12,doctor-sleep-the-shining-2_686/index.html
1678122208,Demigods & Magicians: Percy ...,Â£37.51,demigods-magicians-percy-and-annabeth-meet-the-kanes-percy-jackson-kane-chronicles-crossover-1-3_685/index.html
1678122208,Dear Mr. Knightley,Â£11.21,dear-mr-knightley_684/index.html
1678122208,Daily Fantasy Sports,Â£36.58,daily-fantasy-sports_683/index.html
1678122208,Crazy Love: Overwhelmed by ...,Â£47.72,crazy-love-overwhelmed-by-a-relentless-god_682/index.html
1678122208,Cometh the Hour (The ...,Â£25.01,cometh-the-hour-the-clifton-chronicles-6_681/index.html
1678122210,Code Name Verity (Code ...,Â£22.13,code-name-verity-code-name-verity-1_680/index.html
1678122210,Clockwork Angel (The Infernal ...,Â£44.14,clockwork-angel-the-infernal-devices-1_679/index.html
1678122210,City of Glass (The ...,Â£56.02,city-of-glass-the-mortal-instruments-3_678/index.html
1678122210,City of Fallen Angels ...,Â£11.23,city-of-fallen-angels-the-mortal-instruments-4_677/index.html
1678122210,City of Bones (The ...,Â£43.28,city-of-bones-the-mortal-instruments-1_676/index.html
1678122210,City of Ashes (The ...,Â£47.27,city-of-ashes-the-mortal-instruments-2_675/index.html
1678122210,Cell,Â£20.29,cell_674/index.html
1678122210,Catching Jordan (Hundred Oaks),Â£50.83,catching-jordan-hundred-oaks_673/index.html
1678122210,"Carry On, Warrior: Thoughts ...",Â£31.85,carry-on-warrior-thoughts-on-life-unarmed_672/index.html
1678122210,Carrie,Â£46.23,carrie_671/index.html
1678122210,Buying In: The Secret ...,Â£37.80,buying-in-the-secret-dialogue-between-what-we-buy-and-who-we-are_670/index.html
1678122210,Brain on Fire: My ...,Â£49.32,brain-on-fire-my-month-of-madness_669/index.html
1678122210,Batman: Europa,Â£32.01,batman-europa_668/index.html
1678122210,Barefoot Contessa Back to ...,Â£28.01,barefoot-contessa-back-to-basics_667/index.html
1678122210,Barefoot Contessa at Home: ...,Â£50.62,barefoot-contessa-at-home-everyday-recipes-youll-make-over-and-over-again_666/index.html
1678122210,Balloon Animals,Â£17.03,balloon-animals_665/index.html
1678122210,Art Ops Vol. 1,Â£48.80,art-ops-vol-1_664/index.html
1678122210,Aristotle and Dante Discover ...,Â£58.14,aristotle-and-dante-discover-the-secrets-of-the-universe-aristotle-and-dante-discover-the-secrets-of-the-universe-1_663/index.html
1678122210,Angels Walking (Angels Walking ...,Â£34.20,angels-walking-angels-walking-1_662/index.html
1678122210,Angels & Demons (Robert ...,Â£51.48,angels-demons-robert-langdon-1_661/index.html
1678122213,All the Light We ...,Â£29.87,all-the-light-we-cannot-see_660/index.html
1678122213,Adulthood Is a Myth: ...,Â£10.90,adulthood-is-a-myth-a-sarahs-scribbles-collection_659/index.html
1678122213,Abstract City,Â£56.37,abstract-city_658/index.html
1678122213,A Time of Torment ...,Â£48.35,a-time-of-torment-charlie-parker-14_657/index.html
1678122213,A Study in Scarlet ...,Â£16.73,a-study-in-scarlet-sherlock-holmes-1_656/index.html
1678122213,A Series of Catastrophes ...,Â£56.48,a-series-of-catastrophes-and-miracles-a-true-story-of-love-science-and-cancer_655/index.html
1678122213,A People's History of ...,Â£40.79,a-peoples-history-of-the-united-states_654/index.html
1678122213,A Man Called Ove,Â£39.72,a-man-called-ove_653/index.html
1678122213,A Distant Mirror: The ...,Â£14.58,a-distant-mirror-the-calamitous-14th-century_652/index.html
1678122213,A Brush of Wings ...,Â£55.51,a-brush-of-wings-angels-walking-3_651/index.html
1678122213,1491: New Revelations of ...,Â£21.80,1491-new-revelations-of-the-americas-before-columbus_650/index.html
1678122213,"The Three Searches, Meaning, ...",Â£13.33,the-three-searches-meaning-and-the-story_649/index.html
1678122213,Searching for Meaning in ...,Â£38.73,searching-for-meaning-in-gailana_648/index.html
1678122213,Rook,Â£37.86,rook_647/index.html
1678122213,My Kitchen Year: 136 ...,Â£11.53,my-kitchen-year-136-recipes-that-saved-my-life_646/index.html
1678122213,13 Hours: The Inside ...,Â£27.06,13-hours-the-inside-account-of-what-really-happened-in-benghazi_645/index.html
1678122213,Will You Won't You ...,Â£13.86,will-you-wont-you-want-me_644/index.html
1678122213,Tipping Point for Planet ...,Â£37.55,tipping-point-for-planet-earth-how-close-are-we-to-the-edge_643/index.html
1678122213,The Star-Touched Queen,Â£32.30,the-star-touched-queen_642/index.html
1678122213,The Silent Sister (Riley ...,Â£46.29,the-silent-sister-riley-macpherson-1_641/index.html
1678122216,The Midnight Watch: A ...,Â£26.20,the-midnight-watch-a-novel-of-the-titanic-and-the-californian_640/index.html
1678122216,The Lonely City: Adventures ...,Â£33.26,the-lonely-city-adventures-in-the-art-of-being-alone_639/index.html
1678122216,The Gray Rhino: How ...,Â£59.15,the-gray-rhino-how-to-recognize-and-act-on-the-obvious-dangers-we-ignore_638/index.html
1678122216,The Golden Condom: And ...,Â£39.43,the-golden-condom-and-other-essays-on-love-lost-and-found_637/index.html
1678122216,The Epidemic (The Program ...,Â£14.44,the-epidemic-the-program-06_636/index.html
1678122216,The Dinner Party,Â£56.54,the-dinner-party_635/index.html
1678122216,The Diary of a ...,Â£59.90,the-diary-of-a-young-girl_634/index.html
1678122216,The Children,Â£11.88,the-children_633/index.html
1678122216,Stars Above (The Lunar ...,Â£48.05,stars-above-the-lunar-chronicles-45_632/index.html
1678122216,Snatched: How A Drug ...,Â£21.21,snatched-how-a-drug-queen-went-undercover-for-the-dea-and-was-kidnapped-by-colombian-guerillas_631/index.html
1678122216,Raspberry Pi Electronics Projects ...,Â£49.67,raspberry-pi-electronics-projects-for-the-evil-genius_630/index.html
1678122216,Quench Your Own Thirst: ...,Â£43.14,quench-your-own-thirst-business-lessons-learned-over-a-beer-or-two_629/index.html
1678122216,Psycho: Sanitarium (Psycho #1.5),Â£36.97,psycho-sanitarium-psycho-15_628/index.html
1678122216,Poisonous (Max Revere Novels ...,Â£26.80,poisonous-max-revere-novels-3_627/index.html
1678122216,One with You (Crossfire ...,Â£15.71,one-with-you-crossfire-5_626/index.html
1678122216,No Love Allowed (Dodge ...,Â£54.65,no-love-allowed-dodge-cove-1_625/index.html
1678122216,Murder at the 42nd ...,Â£54.36,murder-at-the-42nd-street-library-raymond-ambler-1_624/index.html
1678122216,Most Wanted,Â£35.28,most-wanted_623/index.html
1678122216,"Love, Lies and Spies",Â£20.55,love-lies-and-spies_622/index.html
1678122216,How to Speak Golf: ...,Â£58.32,how-to-speak-golf-an-illustrated-guide-to-links-lingo_621/index.html
1678122218,Hide Away (Eve Duncan ...,Â£11.84,hide-away-eve-duncan-20_620/index.html
1678122218,Furiously Happy: A Funny ...,Â£41.46,furiously-happy-a-funny-book-about-horrible-things_619/index.html
1678122218,Everyday Italian: 125 Simple ...,Â£20.10,everyday-italian-125-simple-and-delicious-recipes_618/index.html
1678122218,Equal Is Unfair: America's ...,Â£56.86,equal-is-unfair-americas-misguided-fight-against-income-inequality_617/index.html
1678122218,Eleanor & Park,Â£56.51,eleanor-park_616/index.html
1678122218,Dirty (Dive Bar #1),Â£40.83,dirty-dive-bar-1_615/index.html
1678122218,Can You Keep a ...,Â£48.64,can-you-keep-a-secret-fear-street-relaunch-4_614/index.html
1678122218,Boar Island (Anna Pigeon ...,Â£59.48,boar-island-anna-pigeon-19_613/index.html
1678122218,A Paris Apartment,Â£39.01,a-paris-apartment_612/index.html
1678122218,A la Mode: 120 ...,Â£38.77,a-la-mode-120-recipes-in-60-pairings-pies-tarts-cakes-crisps-and-more-topped-with-ice-cream-gelato-frozen-custard-and-more_611/index.html
1678122218,Troublemaker: Surviving Hollywood and ...,Â£48.39,troublemaker-surviving-hollywood-and-scientology_610/index.html
1678122218,The Widow,Â£27.26,the-widow_609/index.html
1678122218,The Sleep Revolution: Transforming ...,Â£11.68,the-sleep-revolution-transforming-your-life-one-night-at-a-time_608/index.html
1678122218,The Improbability of Love,Â£59.45,the-improbability-of-love_607/index.html
1678122218,The Art of Startup ...,Â£21.00,the-art-of-startup-fundraising_606/index.html
1678122218,Take Me Home Tonight ...,Â£53.98,take-me-home-tonight-rock-star-romance-3_605/index.html
1678122218,Sleeping Giants (Themis Files ...,Â£48.74,sleeping-giants-themis-files-1_604/index.html
1678122218,Setting the World on ...,Â£21.15,setting-the-world-on-fire-the-brief-astonishing-life-of-st-catherine-of-siena_603/index.html
1678122218,Playing with Fire,Â£13.71,playing-with-fire_602/index.html
1678122218,Off the Hook (Fishing ...,Â£47.67,off-the-hook-fishing-for-trouble-1_601/index.html
1678122222,Mothering Sunday,Â£13.34,mothering-sunday_600/index.html
1678122222,"Mother, Can You Not?",Â£16.89,mother-can-you-not_599/index.html
1678122222,M Train,Â£27.18,m-train_598/index.html
1678122222,Lilac Girls,Â£17.28,lilac-girls_597/index.html
1678122222,Lies and Other Acts ...,Â£45.14,lies-and-other-acts-of-love_596/index.html
1678122222,Lab Girl,Â£40.85,lab-girl_595/index.html
1678122222,Keep Me Posted,Â£20.46,keep-me-posted_594/index.html
1678122222,It Didn't Start with ...,Â£56.27,it-didnt-start-with-you-how-inherited-family-trauma-shapes-who-we-are-and-how-to-end-the-cycle_593/index.html
1678122222,Grey (Fifty Shades #4),Â£48.49,grey-fifty-shades-4_592/index.html
1678122222,"Exit, Pursued by a ...",Â£51.34,exit-pursued-by-a-bear_591/index.html
1678122222,Daredevils,Â£16.34,daredevils_590/index.html
1678122222,Cravings: Recipes for What ...,Â£20.50,cravings-recipes-for-what-you-want-to-eat_589/index.html
1678122222,Born for This: How ...,Â£21.59,born-for-this-how-to-find-the-work-you-were-meant-to-do_588/index.html
1678122222,Arena,Â£21.36,arena_587/index.html
1678122222,Adultery,Â£20.88,adultery_586/index.html
1678122222,A Mother's Reckoning: Living ...,Â£19.53,a-mothers-reckoning-living-in-the-aftermath-of-tragedy_585/index.html
1678122222,A Gentleman's Position (Society ...,Â£14.75,a-gentlemans-position-society-of-gentlemen-3_584/index.html
1678122222,11/22/63,Â£48.48,112263_583/index.html
1678122222,10% Happier: How I ...,Â£24.57,10-happier-how-i-tamed-the-voice-in-my-head-reduced-stress-without-losing-my-edge-and-found-self-help-that-actually-works_582/index.html
1678122222,10-Day Green Smoothie Cleanse: ...,Â£49.71,10-day-green-smoothie-cleanse-lose-up-to-15-pounds-in-10-days_581/index.html
1678122224,Without Shame,Â£48.27,without-shame_580/index.html
1678122224,Watchmen,Â£58.05,watchmen_579/index.html
1678122224,Unlimited Intuition Now,Â£58.87,unlimited-intuition-now_578/index.html
1678122224,Underlying Notes,Â£11.82,underlying-notes_577/index.html
1678122224,The Shack,Â£28.03,the-shack_576/index.html
1678122224,The New Brand You: ...,Â£44.05,the-new-brand-you-your-new-image-makes-the-sale-for-you_575/index.html
1678122224,The Moosewood Cookbook: Recipes ...,Â£12.34,the-moosewood-cookbook-recipes-from-moosewood-restaurant-ithaca-new-york_574/index.html
1678122224,The Flowers Lied,Â£16.68,the-flowers-lied_573/index.html
1678122224,The Fabric of the ...,Â£55.91,the-fabric-of-the-cosmos-space-time-and-the-texture-of-reality_572/index.html
1678122224,The Book of Mormon,Â£24.57,the-book-of-mormon_571/index.html
1678122224,The Art and Science ...,Â£52.98,the-art-and-science-of-low-carbohydrate-living_570/index.html
1678122224,The Alien Club,Â£54.40,the-alien-club_569/index.html
1678122224,Suzie Snowflake: One beautiful ...,Â£54.81,suzie-snowflake-one-beautiful-flake-a-self-esteem-story_568/index.html
1678122224,Nap-a-Roo,Â£25.08,nap-a-roo_567/index.html
1678122224,NaNo What Now? Finding ...,Â£10.41,nano-what-now-finding-your-editing-process-revising-your-nanowrimo-book-and-building-a-writing-career-through-publishing-and-beyond_566/index.html
1678122224,Modern Day Fables,Â£47.44,modern-day-fables_565/index.html
1678122224,If I Gave You ...,Â£20.91,if-i-gave-you-gods-phone-number-searching-for-spirituality-in-america_564/index.html
1678122224,"Fruits Basket, Vol. 9 ...",Â£33.95,fruits-basket-vol-9-fruits-basket-9_563/index.html
1678122224,Dress Your Family in ...,Â£43.68,dress-your-family-in-corduroy-and-denim_562/index.html
1678122224,Don't Forget Steven,Â£33.23,dont-forget-steven_561/index.html
1678122227,Chernobyl 01:23:40: The Incredible ...,Â£35.92,chernobyl-012340-the-incredible-true-story-of-the-worlds-worst-nuclear-disaster_560/index.html
1678122227,Art and Fear: Observations ...,Â£48.63,art-and-fear-observations-on-the-perils-and-rewards-of-artmaking_559/index.html
1678122227,A Shard of Ice ...,Â£56.63,a-shard-of-ice-the-black-symphony-saga-1_558/index.html
1678122227,A Hero's Curse (The ...,Â£50.49,a-heros-curse-the-unseen-chronicles-1_557/index.html
1678122227,23 Degrees South: A ...,Â£35.79,23-degrees-south-a-tropical-tale-of-changing-whether_556/index.html
1678122227,Zero to One: Notes ...,Â£34.06,zero-to-one-notes-on-startups-or-how-to-build-the-future_555/index.html
1678122227,Why Not Me?,Â£17.76,why-not-me_554/index.html
1678122227,When Breath Becomes Air,Â£39.36,when-breath-becomes-air_553/index.html
1678122227,Vagabonding: An Uncommon Guide ...,Â£36.94,vagabonding-an-uncommon-guide-to-the-art-of-long-term-world-travel_552/index.html
1678122227,The Unlikely Pilgrimage of ...,Â£43.62,the-unlikely-pilgrimage-of-harold-fry-harold-fry-1_551/index.html
1678122227,The New Drawing on ...,Â£43.02,the-new-drawing-on-the-right-side-of-the-brain_550/index.html
1678122227,"The Midnight Assassin: Panic, ...",Â£28.45,the-midnight-assassin-panic-scandal-and-the-hunt-for-americas-first-serial-killer_549/index.html
1678122227,The Martian (The Martian ...,Â£41.39,the-martian-the-martian-1_548/index.html
1678122227,The High Mountains of ...,Â£51.15,the-high-mountains-of-portugal_547/index.html
1678122227,The Grownup,Â£35.88,the-grownup_546/index.html
1678122227,The E-Myth Revisited: Why ...,Â£36.91,the-e-myth-revisited-why-most-small-businesses-dont-work-and-what-to-do-about-it_545/index.html
1678122227,South of Sunshine,Â£28.93,south-of-sunshine_544/index.html
1678122227,Smarter Faster Better: The ...,Â£38.89,smarter-faster-better-the-secrets-of-being-productive-in-life-and-business_543/index.html
1678122227,Silence in the Dark ...,Â£58.33,silence-in-the-dark-logan-point-4_542/index.html
1678122227,Shadows of the Past ...,Â£39.67,shadows-of-the-past-logan-point-1_541/index.html
1678122230,Roller Girl,Â£14.10,roller-girl_540/index.html
1678122230,Rising Strong,Â£21.82,rising-strong_539/index.html
1678122230,Proofs of God: Classical ...,Â£54.21,proofs-of-god-classical-arguments-from-tertullian-to-barth_538/index.html
1678122230,Please Kill Me: The ...,Â£31.19,please-kill-me-the-uncensored-oral-history-of-punk_537/index.html
1678122230,Out of Print: City ...,Â£53.64,out-of-print-city-lights-spotlight-no-14_536/index.html
1678122230,My Life Next Door ...,Â£36.39,my-life-next-door-my-life-next-door_535/index.html
1678122230,Miller's Valley,Â£58.54,millers-valley_534/index.html
1678122230,Man's Search for Meaning,Â£29.48,mans-search-for-meaning_533/index.html
1678122230,Love That Boy: What ...,Â£25.06,love-that-boy-what-two-presidents-eight-road-trips-and-my-son-taught-me-about-a-parents-expectations_532/index.html
1678122230,Living Forward: A Proven ...,Â£12.55,living-forward-a-proven-plan-to-stop-drifting-and-get-the-life-you-want_531/index.html
1678122230,Les Fleurs du Mal,Â£29.04,les-fleurs-du-mal_530/index.html
1678122230,Left Behind (Left Behind ...,Â£40.72,left-behind-left-behind-1_529/index.html
1678122230,Kill 'Em and Leave: ...,Â£45.05,kill-em-and-leave-searching-for-james-brown-and-the-american-soul_528/index.html
1678122230,Kierkegaard: A Christian Missionary ...,Â£47.13,kierkegaard-a-christian-missionary-to-christians_527/index.html
1678122230,John Vassos: Industrial Design ...,Â£20.22,john-vassos-industrial-design-for-modern-life_526/index.html
1678122230,I'll Give You the ...,Â£56.48,ill-give-you-the-sun_525/index.html
1678122230,I Will Find You,Â£44.21,i-will-find-you_524/index.html
1678122230,Hystopia: A Novel,Â£21.96,hystopia-a-novel_523/index.html
1678122230,Howl and Other Poems,Â£40.45,howl-and-other-poems_522/index.html
1678122230,History of Beauty,Â£10.29,history-of-beauty_521/index.html
1678122232,Heaven is for Real: ...,Â£52.86,heaven-is-for-real-a-little-boys-astounding-story-of-his-trip-to-heaven-and-back_520/index.html
1678122232,Future Shock (Future Shock ...,Â£55.65,future-shock-future-shock-1_519/index.html
1678122232,Ender's Game (The Ender ...,Â£43.64,enders-game-the-ender-quintet-1_518/index.html
1678122232,Diary of a Citizen ...,Â£28.41,diary-of-a-citizen-scientist-chasing-tiger-beetles-and-other-new-ways-of-engaging-the-world_517/index.html
1678122232,Death by Leisure: A ...,Â£37.51,death-by-leisure-a-cautionary-tale_516/index.html
1678122232,Brilliant Beacons: A History ...,Â£11.45,brilliant-beacons-a-history-of-the-american-lighthouse_515/index.html
1678122232,Brazen: The Courage to ...,Â£19.22,brazen-the-courage-to-find-the-you-thats-been-hiding_514/index.html
1678122232,Between the World and ...,Â£56.91,between-the-world-and-me_513/index.html
1678122232,Being Mortal: Medicine and ...,Â£55.06,being-mortal-medicine-and-what-matters-in-the-end_512/index.html
1678122232,A Murder Over a ...,Â£13.20,a-murder-over-a-girl-justice-gender-junior-high_511/index.html
1678122232,32 Yolks,Â£53.63,32-yolks_510/index.html
1678122232,"""Most Blessed of the ...",Â£44.48,most-blessed-of-the-patriarchs-thomas-jefferson-and-the-empire-of-the-imagination_509/index.html
1678122232,You Are a Badass: ...,Â£12.08,you-are-a-badass-how-to-stop-doubting-your-greatness-and-start-living-an-awesome-life_508/index.html
1678122232,Wildlife of New York: ...,Â£22.14,wildlife-of-new-york-a-five-borough-coloring-book_507/index.html
1678122232,What Happened on Beale ...,Â£25.37,what-happened-on-beale-street-secrets-of-the-south-mysteries-2_506/index.html
1678122232,Unreasonable Hope: Finding Faith ...,Â£46.33,unreasonable-hope-finding-faith-in-the-god-who-brings-purpose-to-your-pain_505/index.html
1678122232,Under the Tuscan Sun,Â£37.33,under-the-tuscan-sun_504/index.html
1678122232,Toddlers Are A**holes: It's ...,Â£25.55,toddlers-are-aholes-its-not-your-fault_503/index.html
1678122232,The Year of Living ...,Â£34.72,the-year-of-living-biblically-one-mans-humble-quest-to-follow-the-bible-as-literally-as-possible_502/index.html
1678122232,The Whale,Â£35.96,the-whale_501/index.html
1678122235,The Story of Art,Â£41.14,the-story-of-art_500/index.html
1678122235,The Origin of Species,Â£10.01,the-origin-of-species_499/index.html
1678122235,The Great Gatsby,Â£36.05,the-great-gatsby_498/index.html
1678122235,The Good Girl,Â£49.03,the-good-girl_497/index.html
1678122235,The Glass Castle,Â£16.24,the-glass-castle_496/index.html
1678122235,The Faith of Christopher ...,Â£39.55,the-faith-of-christopher-hitchens-the-restless-soul-of-the-worlds-most-notorious-atheist_495/index.html
1678122235,The Drowning Girls,Â£35.67,the-drowning-girls_494/index.html
1678122235,The Constant Princess (The ...,Â£16.62,the-constant-princess-the-tudor-court-1_493/index.html
1678122235,The Bourne Identity (Jason ...,Â£42.78,the-bourne-identity-jason-bourne-1_492/index.html
1678122235,The Bachelor Girl's Guide ...,Â£52.30,the-bachelor-girls-guide-to-murder-herringford-and-watts-mysteries-1_491/index.html
1678122235,The Art Book,Â£32.34,the-art-book_490/index.html
1678122235,The 7 Habits of ...,Â£33.17,the-7-habits-of-highly-effective-people-powerful-lessons-in-personal-change_489/index.html
1678122235,Team of Rivals: The ...,Â£20.12,team-of-rivals-the-political-genius-of-abraham-lincoln_488/index.html
1678122235,Steal Like an Artist: ...,Â£20.90,steal-like-an-artist-10-things-nobody-told-you-about-being-creative_487/index.html
1678122235,"Sit, Stay, Love",Â£20.90,sit-stay-love_486/index.html
1678122235,Sister Dear,Â£40.20,sister-dear_485/index.html
1678122235,"Shrunken Treasures: Literary Classics, ...",Â£52.87,shrunken-treasures-literary-classics-short-sweet-and-silly_484/index.html
1678122235,"Rich Dad, Poor Dad",Â£51.74,rich-dad-poor-dad_483/index.html
1678122235,Raymie Nightingale,Â£34.41,raymie-nightingale_482/index.html
1678122235,Playing from the Heart,Â£32.38,playing-from-the-heart_481/index.html
1678122237,Nightstruck: A Novel,Â£50.35,nightstruck-a-novel_480/index.html
1678122237,Naturally Lean: 125 Nourishing ...,Â£11.38,naturally-lean-125-nourishing-gluten-free-plant-based-recipes-all-under-300-calories_479/index.html
1678122237,Meternity,Â£43.58,meternity_478/index.html
1678122237,Memoirs of a Geisha,Â£49.67,memoirs-of-a-geisha_477/index.html
1678122237,Like Never Before (Walker ...,Â£28.77,like-never-before-walker-family-2_476/index.html
1678122237,Life of Pi,Â£13.22,life-of-pi_475/index.html
1678122237,Leave This Song Behind: ...,Â£51.17,leave-this-song-behind-teen-poetry-at-its-best_474/index.html
1678122237,King's Folly (The Kinsman ...,Â£39.61,kings-folly-the-kinsman-chronicles-1_473/index.html
1678122237,John Adams,Â£57.43,john-adams_472/index.html
1678122237,How to Cook Everything ...,Â£46.01,how-to-cook-everything-vegetarian-simple-meatless-recipes-for-great-food-how-to-cook-everything_471/index.html
1678122237,How to Be a ...,Â£28.25,how-to-be-a-domestic-goddess-baking-and-the-art-of-comfort-cooking_470/index.html
1678122237,Good in Bed (Cannie ...,Â£37.05,good-in-bed-cannie-shapiro-1_469/index.html
1678122237,"Fruits Basket, Vol. 7 ...",Â£19.57,fruits-basket-vol-7-fruits-basket-7_468/index.html
1678122237,For the Love: Fighting ...,Â£45.13,for-the-love-fighting-for-grace-in-a-world-of-impossible-standards_467/index.html
1678122237,Finding God in the ...,Â£46.64,finding-god-in-the-ruins-how-god-redeems-pain_466/index.html
1678122237,Every Heart a Doorway ...,Â£12.16,every-heart-a-doorway-every-heart-a-doorway-1_465/index.html
1678122237,Delivering the Truth (Quaker ...,Â£20.89,delivering-the-truth-quaker-midwife-mystery-1_464/index.html
1678122237,Counted With the Stars ...,Â£17.97,counted-with-the-stars-out-from-egypt-1_463/index.html
1678122237,"Chronicles, Vol. 1",Â£52.60,chronicles-vol-1_462/index.html
1678122237,Blue Like Jazz: Nonreligious ...,Â£25.77,blue-like-jazz-nonreligious-thoughts-on-christian-spirituality_461/index.html
1678122240,Benjamin Franklin: An American ...,Â£48.19,benjamin-franklin-an-american-life_460/index.html
1678122240,At The Existentialist CafÃ©: ...,Â£29.93,at-the-existentialist-cafe-freedom-being-and-apricot-cocktails-with-jean-paul-sartre-simone-de-beauvoir-albert-camus-martin-heidegger-edmund-husserl-karl-jaspers-maurice-merleau-ponty-and-others_459/index.html
1678122240,A Summer In Europe,Â£44.34,a-summer-in-europe_458/index.html
1678122240,A Short History of ...,Â£52.40,a-short-history-of-nearly-everything_457/index.html
1678122240,A Gathering of Shadows ...,Â£44.81,a-gathering-of-shadows-shades-of-magic-2_456/index.html
1678122240,The Sound Of Love,Â£57.84,the-sound-of-love_455/index.html
1678122240,The Rise and Fall ...,Â£39.67,the-rise-and-fall-of-the-third-reich-a-history-of-nazi-germany_454/index.html
1678122240,The Perks of Being ...,Â£55.02,the-perks-of-being-a-wallflower_453/index.html
1678122240,The Mysterious Affair at ...,Â£24.80,the-mysterious-affair-at-styles-hercule-poirot-1_452/index.html
1678122240,The Man Who Mistook ...,Â£59.45,the-man-who-mistook-his-wife-for-a-hat-and-other-clinical-tales_451/index.html
1678122240,The Makings of a ...,Â£31.58,the-makings-of-a-fatherless-child_450/index.html
1678122240,The Joy of Cooking,Â£43.27,the-joy-of-cooking_449/index.html
1678122240,The Invention of Wings,Â£37.34,the-invention-of-wings_448/index.html
1678122240,The Hobbit (Middle-Earth Universe),Â£17.80,the-hobbit-middle-earth-universe_447/index.html
1678122240,The Great Railway Bazaar,Â£30.54,the-great-railway-bazaar_446/index.html
1678122240,The Golden Compass (His ...,Â£18.77,the-golden-compass-his-dark-materials-1_445/index.html
1678122240,The God Delusion,Â£46.85,the-god-delusion_444/index.html
1678122240,The Girl You Left ...,Â£15.79,the-girl-you-left-behind-the-girl-you-left-behind-1_443/index.html
1678122240,The Fellowship of the ...,Â£10.27,the-fellowship-of-the-ring-the-lord-of-the-rings-1_442/index.html
1678122240,The Collected Poems of ...,Â£15.42,the-collected-poems-of-wb-yeats-the-collected-works-of-wb-yeats-1_441/index.html
1678122243,The Barefoot Contessa Cookbook,Â£59.92,the-barefoot-contessa-cookbook_440/index.html
1678122243,Tell the Wolves I'm ...,Â£50.96,tell-the-wolves-im-home_439/index.html
1678122243,Ship Leaves Harbor: Essays ...,Â£30.60,ship-leaves-harbor-essays-on-travel-by-a-recovering-journeyman_438/index.html
1678122243,Pride and Prejudice,Â£19.27,pride-and-prejudice_437/index.html
1678122243,Musicophilia: Tales of Music ...,Â£46.58,musicophilia-tales-of-music-and-the-brain_436/index.html
1678122243,Mere Christianity,Â£48.51,mere-christianity_435/index.html
1678122243,Me Before You (Me ...,Â£19.02,me-before-you-me-before-you-1_434/index.html
1678122243,In the Woods (Dublin ...,Â£38.38,in-the-woods-dublin-murder-squad-1_433/index.html
1678122243,In Cold Blood,Â£49.98,in-cold-blood_432/index.html
1678122243,How to Stop Worrying ...,Â£46.49,how-to-stop-worrying-and-start-living_431/index.html
1678122243,Give It Back,Â£18.32,give-it-back_430/index.html
1678122243,"Girl, Interrupted",Â£42.14,girl-interrupted_429/index.html
1678122243,Fun Home: A Family ...,Â£56.59,fun-home-a-family-tragicomic_428/index.html
1678122243,"Fruits Basket, Vol. 6 ...",Â£20.96,fruits-basket-vol-6-fruits-basket-6_427/index.html
1678122243,Deception Point,Â£40.32,deception-point_426/index.html
1678122243,"Death Note, Vol. 6: ...",Â£36.39,death-note-vol-6-give-and-take-death-note-6_425/index.html
1678122243,Catherine the Great: Portrait ...,Â£58.55,catherine-the-great-portrait-of-a-woman_424/index.html
1678122243,Better Homes and Gardens ...,Â£39.61,better-homes-and-gardens-new-cook-book_423/index.html
1678122243,An Unquiet Mind: A ...,Â£21.30,an-unquiet-mind-a-memoir-of-moods-and-madness_422/index.html
1678122243,A Year in Provence ...,Â£56.88,a-year-in-provence-provence-1_421/index.html
1678122246,World Without End (The ...,Â£32.97,world-without-end-the-pillars-of-the-earth-2_420/index.html
1678122246,"Will Grayson, Will Grayson ...",Â£47.31,will-grayson-will-grayson-will-grayson-will-grayson_419/index.html
1678122246,Why Save the Bankers?: ...,Â£48.67,why-save-the-bankers-and-other-essays-on-our-economic-and-political-crisis_418/index.html
1678122246,Where She Went (If ...,Â£41.73,where-she-went-if-i-stay-2_417/index.html
1678122246,What If?: Serious Scientific ...,Â£53.68,what-if-serious-scientific-answers-to-absurd-hypothetical-questions_416/index.html
1678122246,Two Summers,Â£14.64,two-summers_415/index.html
1678122246,This Is Your Brain ...,Â£38.40,this-is-your-brain-on-music-the-science-of-a-human-obsession_414/index.html
1678122246,The Secret Garden,Â£15.08,the-secret-garden_413/index.html
1678122246,The Raven King (The ...,Â£30.57,the-raven-king-the-raven-cycle-4_412/index.html
1678122246,The Raven Boys (The ...,Â£57.74,the-raven-boys-the-raven-cycle-1_411/index.html
1678122246,The Power Greens Cookbook: ...,Â£11.05,the-power-greens-cookbook-140-delicious-superfood-recipes_410/index.html
1678122246,The Metamorphosis,Â£28.58,the-metamorphosis_409/index.html
1678122246,The Mathews Men: Seven ...,Â£42.91,the-mathews-men-seven-brothers-and-the-war-against-hitlers-u-boats_408/index.html
1678122246,The Little Paris Bookshop,Â£24.73,the-little-paris-bookshop_407/index.html
1678122246,The Hiding Place,Â£55.91,the-hiding-place_406/index.html
1678122246,The Grand Design,Â£13.76,the-grand-design_405/index.html
1678122246,The Firm,Â£45.56,the-firm_404/index.html
1678122246,The Fault in Our ...,Â£47.22,the-fault-in-our-stars_403/index.html
1678122246,The False Prince (The ...,Â£56.00,the-false-prince-the-ascendance-trilogy-1_402/index.html
1678122246,The Expatriates,Â£44.58,the-expatriates_401/index.html
1678122248,The Dream Thieves (The ...,Â£34.50,the-dream-thieves-the-raven-cycle-2_400/index.html
1678122248,The Darkest Corners,Â£11.33,the-darkest-corners_399/index.html
1678122248,The Crossover,Â£38.77,the-crossover_398/index.html
1678122248,The 5th Wave (The ...,Â£11.83,the-5th-wave-the-5th-wave-1_397/index.html
1678122248,Tell the Wind and ...,Â£45.51,tell-the-wind-and-fire_396/index.html
1678122248,Tell Me Three Things,Â£41.81,tell-me-three-things_395/index.html
1678122248,Talking to Girls About ...,Â£25.15,talking-to-girls-about-duran-duran-one-young-mans-quest-for-true-love-and-a-cooler-haircut_394/index.html
1678122248,Siddhartha,Â£34.22,siddhartha_393/index.html
1678122248,Shiver (The Wolves of ...,Â£16.23,shiver-the-wolves-of-mercy-falls-1_392/index.html
1678122248,Remember Me?,Â£11.48,remember-me_391/index.html
1678122248,Red Dragon (Hannibal Lecter ...,Â£23.37,red-dragon-hannibal-lecter-1_390/index.html
1678122248,Peak: Secrets from the ...,Â£16.28,peak-secrets-from-the-new-science-of-expertise_389/index.html
1678122248,My Mother Was Nuts,Â£31.63,my-mother-was-nuts_388/index.html
1678122248,Mexican Today: New and ...,Â£24.91,mexican-today-new-and-rediscovered-recipes-for-contemporary-kitchens_387/index.html
1678122248,Maybe Something Beautiful: How ...,Â£22.54,maybe-something-beautiful-how-art-transformed-a-neighborhood_386/index.html
1678122248,Lola and the Boy ...,Â£23.63,lola-and-the-boy-next-door-anna-and-the-french-kiss-2_385/index.html
1678122248,Logan Kade (Fallen Crest ...,Â£13.12,logan-kade-fallen-crest-high-55_384/index.html
1678122248,Last One Home (New ...,Â£59.98,last-one-home-new-beginnings-1_383/index.html
1678122248,Killing Floor (Jack Reacher ...,Â£31.49,killing-floor-jack-reacher-1_382/index.html
1678122248,Kill the Boy Band,Â£15.52,kill-the-boy-band_381/index.html
1678122251,Isla and the Happily ...,Â£48.13,isla-and-the-happily-ever-after-anna-and-the-french-kiss-3_380/index.html
1678122251,If I Stay (If ...,Â£38.13,if-i-stay-if-i-stay-1_379/index.html
1678122251,I Know Why the ...,Â£36.55,i-know-why-the-caged-bird-sings-maya-angelous-autobiography-1_378/index.html
1678122251,Harry Potter and the ...,Â£23.32,harry-potter-and-the-deathly-hallows-harry-potter-7_377/index.html
1678122251,"Fruits Basket, Vol. 5 ...",Â£16.33,fruits-basket-vol-5-fruits-basket-5_376/index.html
1678122251,Foundation (Foundation (Publication Order) ...,Â£32.42,foundation-foundation-publication-order-1_375/index.html
1678122251,Fool Me Once,Â£16.96,fool-me-once_374/index.html
1678122251,Find Her (Detective D.D. ...,Â£22.37,find-her-detective-dd-warren-8_373/index.html
1678122251,Evicted: Poverty and Profit ...,Â£42.27,evicted-poverty-and-profit-in-the-american-city_372/index.html
1678122251,Drama,Â£38.70,drama_371/index.html
1678122251,Dracula the Un-Dead,Â£35.63,dracula-the-un-dead_370/index.html
1678122251,Digital Fortress,Â£58.00,digital-fortress_369/index.html
1678122251,"Death Note, Vol. 5: ...",Â£52.41,death-note-vol-5-whiteout-death-note-5_368/index.html
1678122251,"Data, A Love Story: ...",Â£32.35,data-a-love-story-how-i-gamed-online-dating-to-meet-my-match_367/index.html
1678122251,Critique of Pure Reason,Â£20.75,critique-of-pure-reason_366/index.html
1678122251,Booked,Â£17.49,booked_365/index.html
1678122251,"Blue Lily, Lily Blue ...",Â£34.13,blue-lily-lily-blue-the-raven-cycle-3_364/index.html
1678122251,Approval Junkie: Adventures in ...,Â£58.81,approval-junkie-adventures-in-caring-too-much_363/index.html
1678122251,An Abundance of Katherines,Â£10.00,an-abundance-of-katherines_362/index.html
1678122251,America's War for the ...,Â£51.22,americas-war-for-the-greater-middle-east-a-military-history_361/index.html
1678122253,Alight (The Generations Trilogy ...,Â£58.59,alight-the-generations-trilogy-2_360/index.html
1678122253,A Girl's Guide to ...,Â£31.30,a-girls-guide-to-moving-on-new-beginnings-2_359/index.html
1678122253,A Game of Thrones ...,Â£46.42,a-game-of-thrones-a-song-of-ice-and-fire-1_358/index.html
1678122253,A Feast for Crows ...,Â£17.21,a-feast-for-crows-a-song-of-ice-and-fire-4_357/index.html
1678122253,A Clash of Kings ...,Â£10.79,a-clash-of-kings-a-song-of-ice-and-fire-2_356/index.html
1678122253,Vogue Colors A to ...,Â£52.35,vogue-colors-a-to-z-a-fashion-coloring-book_355/index.html
1678122253,The Shining (The Shining ...,Â£27.88,the-shining-the-shining-1_354/index.html
1678122253,The Pilgrim's Progress,Â£50.26,the-pilgrims-progress_353/index.html
1678122253,The Perfect Play (Play ...,Â£59.99,the-perfect-play-play-by-play-1_352/index.html
1678122253,The Passion of Dolssa,Â£28.32,the-passion-of-dolssa_351/index.html
1678122253,The Jazz of Physics: ...,Â£38.71,the-jazz-of-physics-the-secret-link-between-music-and-the-structure-of-the-universe_350/index.html
1678122253,The Hunger Games (The ...,Â£29.85,the-hunger-games-the-hunger-games-1_349/index.html
1678122253,The Hound of the ...,Â£14.82,the-hound-of-the-baskervilles-sherlock-holmes-5_348/index.html
1678122253,The Gunning of America: ...,Â£16.81,the-gunning-of-america-business-and-the-making-of-american-gun-culture_347/index.html
1678122253,The Geography of Bliss: ...,Â£28.23,the-geography-of-bliss-one-grumps-search-for-the-happiest-places-in-the-world_346/index.html
1678122253,The Demonists (Demonist #1),Â£52.11,the-demonists-demonist-1_345/index.html
1678122253,The Demon Prince of ...,Â£27.88,the-demon-prince-of-momochi-house-vol-4-the-demon-prince-of-momochi-house-4_344/index.html
1678122253,The Bone Hunters (Lexy ...,Â£59.71,the-bone-hunters-lexy-vaughan-steven-macaulay-2_343/index.html
1678122253,The Beast (Black Dagger ...,Â£46.08,the-beast-black-dagger-brotherhood-14_342/index.html
1678122253,Some Women,Â£13.73,some-women_341/index.html
1678122256,Shopaholic Ties the Knot ...,Â£48.39,shopaholic-ties-the-knot-shopaholic-3_340/index.html
1678122256,Paper and Fire (The ...,Â£49.45,paper-and-fire-the-great-library-2_339/index.html
1678122256,Outlander (Outlander #1),Â£19.67,outlander-outlander-1_338/index.html
1678122256,Orchestra of Exiles: The ...,Â£12.36,orchestra-of-exiles-the-story-of-bronislaw-huberman-the-israel-philharmonic-and-the-one-thousand-jews-he-saved-from-nazi-horrors_337/index.html
1678122256,No One Here Gets ...,Â£20.02,no-one-here-gets-out-alive_336/index.html
1678122256,Night Shift (Night Shift ...,Â£12.75,night-shift-night-shift-1-20_335/index.html
1678122256,Needful Things,Â£47.51,needful-things_334/index.html
1678122256,Mockingjay (The Hunger Games ...,Â£20.44,mockingjay-the-hunger-games-3_333/index.html
1678122256,Misery,Â£34.79,misery_332/index.html
1678122256,Little Women (Little Women ...,Â£28.07,little-women-little-women-1_331/index.html
1678122256,It,Â£25.01,it_330/index.html
1678122256,Harry Potter and the ...,Â£13.90,harry-potter-and-the-sorcerers-stone-harry-potter-1_329/index.html
1678122256,Harry Potter and the ...,Â£24.17,harry-potter-and-the-prisoner-of-azkaban-harry-potter-3_328/index.html
1678122256,Harry Potter and the ...,Â£31.63,harry-potter-and-the-order-of-the-phoenix-harry-potter-5_327/index.html
1678122256,Harry Potter and the ...,Â£48.75,harry-potter-and-the-half-blood-prince-harry-potter-6_326/index.html
1678122256,Harry Potter and the ...,Â£14.74,harry-potter-and-the-chamber-of-secrets-harry-potter-2_325/index.html
1678122256,Gone with the Wind,Â£32.49,gone-with-the-wind_324/index.html
1678122256,God Is Not Great: ...,Â£27.80,god-is-not-great-how-religion-poisons-everything_323/index.html
1678122256,Girl With a Pearl ...,Â£26.77,girl-with-a-pearl-earring_322/index.html
1678122256,"Fruits Basket, Vol. 4 ...",Â£50.44,fruits-basket-vol-4-fruits-basket-4_321/index.html
1678122258,Far From True (Promise ...,Â£34.93,far-from-true-promise-falls-trilogy-2_320/index.html
1678122258,Dark Lover (Black Dagger ...,Â£12.87,dark-lover-black-dagger-brotherhood-1_319/index.html
1678122258,Confessions of a Shopaholic ...,Â£48.94,confessions-of-a-shopaholic-shopaholic-1_318/index.html
1678122258,Changing the Game (Play ...,Â£13.38,changing-the-game-play-by-play-2_317/index.html
1678122258,Candide,Â£58.63,candide_316/index.html
1678122258,Can You Keep a ...,Â£21.94,can-you-keep-a-secret_315/index.html
1678122258,Atlas Shrugged,Â£26.58,atlas-shrugged_314/index.html
1678122258,Animal Farm,Â£57.22,animal-farm_313/index.html
1678122258,A Walk to Remember,Â£56.43,a-walk-to-remember_312/index.html
1678122258,A New Earth: Awakening ...,Â£55.65,a-new-earth-awakening-to-your-lifes-purpose_311/index.html
1678122258,A History of God: ...,Â£27.62,a-history-of-god-the-4000-year-quest-of-judaism-christianity-and-islam_310/index.html
1678122258,'Salem's Lot,Â£49.56,salems-lot_309/index.html
1678122258,Zero History (Blue Ant ...,Â£34.77,zero-history-blue-ant-3_308/index.html
1678122258,Wuthering Heights,Â£17.73,wuthering-heights_307/index.html
1678122258,World War Z: An ...,Â£21.80,world-war-z-an-oral-history-of-the-zombie-war_306/index.html
1678122258,Wild: From Lost to ...,Â£46.02,wild-from-lost-to-found-on-the-pacific-crest-trail_305/index.html
1678122258,"Where'd You Go, Bernadette",Â£18.13,whered-you-go-bernadette_304/index.html
1678122258,When You Are Engulfed ...,Â£30.89,when-you-are-engulfed-in-flames_303/index.html
1678122258,We the People: The ...,Â£31.95,we-the-people-the-modern-day-figures-who-have-reshaped-and-affirmed-the-founding-fathers-vision-of-america_302/index.html
1678122258,We Are All Completely ...,Â£24.04,we-are-all-completely-beside-ourselves_301/index.html
1678122261,Walk the Edge (Thunder ...,Â£32.36,walk-the-edge-thunder-road-2_300/index.html
1678122261,Voyager (Outlander #3),Â£21.07,voyager-outlander-3_299/index.html
1678122261,Very Good Lives: The ...,Â£50.66,very-good-lives-the-fringe-benefits-of-failure-and-the-importance-of-imagination_298/index.html
1678122261,Vegan Vegetarian Omnivore: Dinner ...,Â£13.66,vegan-vegetarian-omnivore-dinner-for-everyone-at-the-table_297/index.html
1678122261,"Unstuffed: Decluttering Your Home, ...",Â£58.09,unstuffed-decluttering-your-home-mind-and-soul_296/index.html
1678122261,Under the Banner of ...,Â£30.00,under-the-banner-of-heaven-a-story-of-violent-faith_295/index.html
1678122261,Two Boys Kissing,Â£32.74,two-boys-kissing_294/index.html
1678122261,Twilight (Twilight #1),Â£41.93,twilight-twilight-1_293/index.html
1678122261,Twenties Girl,Â£42.80,twenties-girl_292/index.html
1678122261,Trespassing Across America: One ...,Â£53.51,trespassing-across-america-one-mans-epic-never-done-before-and-sort-of-illegal-hike-across-the-heartland_291/index.html
1678122261,Three-Martini Lunch,Â£23.21,three-martini-lunch_290/index.html
1678122261,"Thinking, Fast and Slow",Â£21.14,thinking-fast-and-slow_289/index.html
1678122261,The Wild Robot,Â£56.07,the-wild-robot_288/index.html
1678122261,The Wicked + The ...,Â£14.41,the-wicked-the-divine-vol-3-commercial-suicide-the-wicked-the-divine_287/index.html
1678122261,The Undomestic Goddess,Â£45.75,the-undomestic-goddess_286/index.html
1678122261,The Travelers,Â£15.77,the-travelers_285/index.html
1678122261,The Tipping Point: How ...,Â£10.02,the-tipping-point-how-little-things-can-make-a-big-difference_284/index.html
1678122261,The Thing About Jellyfish,Â£48.77,the-thing-about-jellyfish_283/index.html
1678122261,The Stand,Â£57.86,the-stand_282/index.html
1678122261,The Smitten Kitchen Cookbook,Â£23.59,the-smitten-kitchen-cookbook_281/index.html
1678122264,The Silkworm (Cormoran Strike ...,Â£23.05,the-silkworm-cormoran-strike-2_280/index.html
1678122264,"The Sandman, Vol. 3: ...",Â£55.55,the-sandman-vol-3-dream-country-the-sandman-volumes-3_279/index.html
1678122264,The Rose & the ...,Â£58.64,the-rose-the-dagger-the-wrath-and-the-dawn-2_278/index.html
1678122264,The Road to Little ...,Â£23.21,the-road-to-little-dribbling-adventures-of-an-american-in-britain-notes-from-a-small-island-2_277/index.html
1678122264,The Rise of Theodore ...,Â£42.57,the-rise-of-theodore-roosevelt-theodore-roosevelt-1_276/index.html
1678122264,The Restaurant at the ...,Â£10.92,the-restaurant-at-the-end-of-the-universe-hitchhikers-guide-to-the-galaxy-2_275/index.html
1678122264,The Rest Is Noise: ...,Â£34.77,the-rest-is-noise-listening-to-the-twentieth-century_274/index.html
1678122264,The Red Tent,Â£35.66,the-red-tent_273/index.html
1678122264,The Purpose Driven Life: ...,Â£37.19,the-purpose-driven-life-what-on-earth-am-i-here-for_272/index.html
1678122264,The Purest Hook (Second ...,Â£12.25,the-purest-hook-second-circle-tattoos-3_271/index.html
1678122264,The Picture of Dorian ...,Â£29.70,the-picture-of-dorian-gray_270/index.html
1678122264,The Paris Wife,Â£36.80,the-paris-wife_269/index.html
1678122264,The Obsession,Â£45.43,the-obsession_268/index.html
1678122264,The Nightingale,Â£26.26,the-nightingale_267/index.html
1678122264,The New Guy (and ...,Â£44.92,the-new-guy-and-other-senior-year-distractions_266/index.html
1678122264,The Nanny Diaries (Nanny ...,Â£52.53,the-nanny-diaries-nanny-1_265/index.html
1678122264,The Name of God ...,Â£37.25,the-name-of-god-is-mercy_264/index.html
1678122264,The Maze Runner (The ...,Â£20.93,the-maze-runner-the-maze-runner-1_263/index.html
1678122264,The Lover's Dictionary,Â£58.09,the-lovers-dictionary_262/index.html
1678122264,The Lonely Ones,Â£43.59,the-lonely-ones_261/index.html
1678122267,The Lean Startup: How ...,Â£33.92,the-lean-startup-how-todays-entrepreneurs-use-continuous-innovation-to-create-radically-successful-businesses_260/index.html
1678122267,The Last Painting of ...,Â£55.55,the-last-painting-of-sara-de-vos_259/index.html
1678122267,"The Land of 10,000 ...",Â£29.64,the-land-of-10000-madonnas_258/index.html
1678122267,The Infinities,Â£27.41,the-infinities_257/index.html
1678122267,The Husband's Secret,Â£52.51,the-husbands-secret_256/index.html
1678122267,The Hitchhiker's Guide to ...,Â£47.80,the-hitchhikers-guide-to-the-galaxy-hitchhikers-guide-to-the-galaxy-1_255/index.html
1678122267,The Guns of August,Â£14.54,the-guns-of-august_254/index.html
1678122267,The Guernsey Literary and ...,Â£49.53,the-guernsey-literary-and-potato-peel-pie-society_253/index.html
1678122267,The Goldfinch,Â£43.58,the-goldfinch_252/index.html
1678122267,The Giver (The Giver ...,Â£12.30,the-giver-the-giver-quartet-1_251/index.html
1678122267,The Girl with All ...,Â£49.47,the-girl-with-all-the-gifts_250/index.html
1678122267,The Girl Who Played ...,Â£22.14,the-girl-who-played-with-fire-millennium-trilogy-2_249/index.html
1678122267,The Girl Who Kicked ...,Â£57.48,the-girl-who-kicked-the-hornets-nest-millennium-trilogy-3_248/index.html
1678122267,The Exiled,Â£43.45,the-exiled_247/index.html
1678122267,The End of Faith: ...,Â£22.13,the-end-of-faith-religion-terror-and-the-future-of-reason_246/index.html
1678122267,"The Elegant Universe: Superstrings, ...",Â£13.03,the-elegant-universe-superstrings-hidden-dimensions-and-the-quest-for-the-ultimate-theory_245/index.html
1678122267,The Disappearing Spoon: And ...,Â£57.35,the-disappearing-spoon-and-other-true-tales-of-madness-love-and-the-history-of-the-world-from-the-periodic-table-of-the-elements_244/index.html
1678122267,The Devil Wears Prada ...,Â£44.29,the-devil-wears-prada-the-devil-wears-prada-1_243/index.html
1678122267,The Demon-Haunted World: Science ...,Â£52.25,the-demon-haunted-world-science-as-a-candle-in-the-dark_242/index.html
1678122267,The Day the Crayons ...,Â£26.33,the-day-the-crayons-came-home-crayons_241/index.html
1678122270,The Da Vinci Code ...,Â£22.96,the-da-vinci-code-robert-langdon-2_240/index.html
1678122270,The Cuckoo's Calling (Cormoran ...,Â£19.21,the-cuckoos-calling-cormoran-strike-1_239/index.html
1678122270,The Complete Stories and ...,Â£26.78,the-complete-stories-and-poems-the-works-of-edgar-allan-poe-cameo-edition_238/index.html
1678122270,The Complete Poems,Â£41.32,the-complete-poems_237/index.html
1678122270,The Catcher in the ...,Â£24.55,the-catcher-in-the-rye_236/index.html
1678122270,The Cat in the ...,Â£16.26,the-cat-in-the-hat-beginner-books-b-1_235/index.html
1678122270,The Case for Christ ...,Â£47.84,the-case-for-christ-cases-for-christianity_234/index.html
1678122270,The Book Thief,Â£53.49,the-book-thief_233/index.html
1678122270,The Book of Basketball: ...,Â£44.84,the-book-of-basketball-the-nba-according-to-the-sports-guy_232/index.html
1678122270,The Blind Side: Evolution ...,Â£53.71,the-blind-side-evolution-of-a-game_231/index.html
1678122270,The Autobiography of Malcolm ...,Â£23.43,the-autobiography-of-malcolm-x_230/index.html
1678122270,The Art of Simple ...,Â£34.32,the-art-of-simple-food-notes-lessons-and-recipes-from-a-delicious-revolution_229/index.html
1678122270,The Art of Fielding,Â£22.10,the-art-of-fielding_228/index.html
1678122270,"Surely You're Joking, Mr. ...",Â£25.83,surely-youre-joking-mr-feynman-adventures-of-a-curious-character_227/index.html
1678122270,Stiff: The Curious Lives ...,Â£36.74,stiff-the-curious-lives-of-human-cadavers_226/index.html
1678122270,Spilled Milk: Based on ...,Â£49.51,spilled-milk-based-on-a-true-story_225/index.html
1678122270,Something Borrowed (Darcy & ...,Â£48.96,something-borrowed-darcy-rachel-1_224/index.html
1678122270,Something Blue (Darcy & ...,Â£54.62,something-blue-darcy-rachel-2_223/index.html
1678122270,Soldier (Talon #3),Â£24.72,soldier-talon-3_222/index.html
1678122270,Shopaholic & Baby (Shopaholic ...,Â£46.45,shopaholic-baby-shopaholic-5_221/index.html
1678122272,Seven Days in the ...,Â£52.33,seven-days-in-the-art-world_220/index.html
1678122272,Seven Brief Lessons on ...,Â£30.60,seven-brief-lessons-on-physics_219/index.html
1678122272,Scarlet (The Lunar Chronicles ...,Â£14.57,scarlet-the-lunar-chronicles-2_218/index.html
1678122272,Sarah's Key,Â£46.29,sarahs-key_217/index.html
1678122272,"Saga, Volume 3 (Saga ...",Â£21.57,saga-volume-3-saga-collected-editions-3_216/index.html
1678122272,Running with Scissors,Â£12.91,running-with-scissors_215/index.html
1678122272,Rogue Lawyer (Rogue Lawyer ...,Â£50.11,rogue-lawyer-rogue-lawyer-1_214/index.html
1678122272,Rise of the Rocket ...,Â£41.67,rise-of-the-rocket-girls-the-women-who-propelled-us-from-missiles-to-the-moon-to-mars_213/index.html
1678122272,Rework,Â£44.88,rework_212/index.html
1678122272,Reservations for Two,Â£11.10,reservations-for-two_211/index.html
1678122272,Red: The True Story ...,Â£28.54,red-the-true-story-of-red-riding-hood_210/index.html
1678122272,Ready Player One,Â£19.07,ready-player-one_209/index.html
1678122272,Quiet: The Power of ...,Â£43.55,quiet-the-power-of-introverts-in-a-world-that-cant-stop-talking_208/index.html
1678122272,Prodigy: The Graphic Novel ...,Â£43.63,prodigy-the-graphic-novel-legend-the-graphic-novel-2_207/index.html
1678122272,Persepolis: The Story of ...,Â£39.13,persepolis-the-story-of-a-childhood-persepolis-1-2_206/index.html
1678122272,Packing for Mars: The ...,Â£56.68,packing-for-mars-the-curious-science-of-life-in-the-void_205/index.html
1678122272,Outliers: The Story of ...,Â£14.16,outliers-the-story-of-success_204/index.html
1678122272,Original Fake,Â£31.45,original-fake_203/index.html
1678122272,Orange Is the New ...,Â£24.61,orange-is-the-new-black_202/index.html
1678122272,One for the Money ...,Â£32.87,one-for-the-money-stephanie-plum-1_201/index.html
1678122275,Notes from a Small ...,Â£40.17,notes-from-a-small-island-notes-from-a-small-island-1_200/index.html
1678122275,Night (The Night Trilogy ...,Â£13.51,night-the-night-trilogy-1_199/index.html
1678122275,Neither Here nor There: ...,Â£38.95,neither-here-nor-there-travels-in-europe_198/index.html
1678122275,Naked,Â£31.69,naked_197/index.html
1678122275,Morning Star (Red Rising ...,Â£29.40,morning-star-red-rising-3_196/index.html
1678122275,Miracles from Heaven: A ...,Â£57.83,miracles-from-heaven-a-little-girl-her-journey-to-heaven-and-her-amazing-story-of-healing_195/index.html
1678122275,Midnight Riot (Peter Grant/ ...,Â£55.46,midnight-riot-peter-grant-rivers-of-london-books-1_194/index.html
1678122275,Me Talk Pretty One ...,Â£57.60,me-talk-pretty-one-day_193/index.html
1678122275,Manuscript Found in Accra,Â£34.98,manuscript-found-in-accra_192/index.html
1678122275,Lust & Wonder,Â£11.87,lust-wonder_191/index.html
1678122275,Lila (Gilead #3),Â£12.47,lila-gilead-3_190/index.html
1678122275,"Life, the Universe and ...",Â£33.26,life-the-universe-and-everything-hitchhikers-guide-to-the-galaxy-3_189/index.html
1678122275,Life Without a Recipe,Â£59.04,life-without-a-recipe_188/index.html
1678122275,Life After Life,Â£26.13,life-after-life_187/index.html
1678122275,Letter to a Christian ...,Â£22.20,letter-to-a-christian-nation_186/index.html
1678122275,Let's Pretend This Never ...,Â£45.11,lets-pretend-this-never-happened-a-mostly-true-memoir_185/index.html
1678122275,Legend (Legend #1),Â£43.69,legend-legend-1_184/index.html
1678122275,"Lean In: Women, Work, ...",Â£25.02,lean-in-women-work-and-the-will-to-lead_183/index.html
1678122275,Lamb: The Gospel According ...,Â£55.50,lamb-the-gospel-according-to-biff-christs-childhood-pal_182/index.html
1678122275,Lady Renegades (Rebel Belle ...,Â£53.04,lady-renegades-rebel-belle-3_181/index.html
1678122277,Jurassic Park (Jurassic Park ...,Â£44.97,jurassic-park-jurassic-park-1_180/index.html
1678122277,It's Never Too Late ...,Â£42.38,its-never-too-late-to-begin-again-discovering-creativity-and-meaning-at-midlife-and-beyond_179/index.html
1678122277,Is Everyone Hanging Out ...,Â£20.11,is-everyone-hanging-out-without-me-and-other-concerns_178/index.html
1678122277,Into the Wild,Â£56.70,into-the-wild_177/index.html
1678122277,Inferno (Robert Langdon #4),Â£41.00,inferno-robert-langdon-4_176/index.html
1678122277,In the Garden of ...,Â£28.85,in-the-garden-of-beasts-love-terror-and-an-american-family-in-hitlers-berlin_175/index.html
1678122277,If I Run (If ...,Â£49.97,if-i-run-if-i-run-1_174/index.html
1678122277,I've Got Your Number,Â£19.69,ive-got-your-number_173/index.html
1678122277,I Am Malala: The ...,Â£28.88,i-am-malala-the-girl-who-stood-up-for-education-and-was-shot-by-the-taliban_172/index.html
1678122277,Hungry Girl Clean & ...,Â£33.14,hungry-girl-clean-hungry-easy-all-natural-recipes-for-healthy-eating-in-the-real-world_171/index.html
1678122277,House of Lost Worlds: ...,Â£43.70,house-of-lost-worlds-dinosaurs-dynasties-and-the-story-of-life-on-earth_170/index.html
1678122277,House of Leaves,Â£54.89,house-of-leaves_169/index.html
1678122277,Horrible Bear!,Â£37.52,horrible-bear_168/index.html
1678122277,Holidays on Ice,Â£51.07,holidays-on-ice_167/index.html
1678122277,Heir to the Sky,Â£44.07,heir-to-the-sky_166/index.html
1678122277,Green Eggs and Ham ...,Â£10.79,green-eggs-and-ham-beginner-books-b-16_165/index.html
1678122277,"Grayson, Vol 3: Nemesis ...",Â£42.72,grayson-vol-3-nemesis-grayson-3_164/index.html
1678122277,Gratitude,Â£26.66,gratitude_163/index.html
1678122277,Gone Girl,Â£37.60,gone-girl_162/index.html
1678122277,Golden (Heart of Dread ...,Â£42.21,golden-heart-of-dread-3_161/index.html
1678122280,Girl in the Blue ...,Â£46.83,girl-in-the-blue-coat_160/index.html
1678122280,"Fruits Basket, Vol. 3 ...",Â£45.17,fruits-basket-vol-3-fruits-basket-3_159/index.html
1678122280,Friday Night Lights: A ...,Â£51.22,friday-night-lights-a-town-a-team-and-a-dream_158/index.html
1678122280,Fire Bound (Sea Haven/Sisters ...,Â£21.28,fire-bound-sea-havensisters-of-the-heart-5_157/index.html
1678122280,Fifty Shades Freed (Fifty ...,Â£15.36,fifty-shades-freed-fifty-shades-3_156/index.html
1678122280,Fellside,Â£38.62,fellside_155/index.html
1678122280,Extreme Prey (Lucas Davenport ...,Â£25.40,extreme-prey-lucas-davenport-26_154/index.html
1678122280,Eragon (The Inheritance Cycle ...,Â£43.87,eragon-the-inheritance-cycle-1_153/index.html
1678122280,Eclipse (Twilight #3),Â£18.74,eclipse-twilight-3_152/index.html
1678122280,Dune (Dune #1),Â£54.86,dune-dune-1_151/index.html
1678122280,Dracula,Â£52.62,dracula_150/index.html
1678122280,Do Androids Dream of ...,Â£51.48,do-androids-dream-of-electric-sheep-blade-runner-1_149/index.html
1678122280,Disrupted: My Misadventure in ...,Â£15.28,disrupted-my-misadventure-in-the-start-up-bubble_148/index.html
1678122280,Dead Wake: The Last ...,Â£39.24,dead-wake-the-last-crossing-of-the-lusitania_147/index.html
1678122280,"David and Goliath: Underdogs, ...",Â£17.81,david-and-goliath-underdogs-misfits-and-the-art-of-battling-giants_146/index.html
1678122280,Darkfever (Fever #1),Â£56.02,darkfever-fever-1_145/index.html
1678122280,Dark Places,Â£23.90,dark-places_144/index.html
1678122280,Crazy Rich Asians (Crazy ...,Â£49.13,crazy-rich-asians-crazy-rich-asians-1_143/index.html
1678122280,Counting Thyme,Â£10.62,counting-thyme_142/index.html
1678122280,Cosmos,Â£36.17,cosmos_141/index.html
1678122282,Civilization and Its Discontents,Â£59.95,civilization-and-its-discontents_140/index.html
1678122282,Cinder (The Lunar Chronicles ...,Â£26.09,cinder-the-lunar-chronicles-1_139/index.html
1678122282,Catastrophic Happiness: Finding Joy ...,Â£37.35,catastrophic-happiness-finding-joy-in-childhoods-messy-years_138/index.html
1678122282,Career of Evil (Cormoran ...,Â£24.72,career-of-evil-cormoran-strike-3_137/index.html
1678122282,Breaking Dawn (Twilight #4),Â£35.28,breaking-dawn-twilight-4_136/index.html
1678122282,Brave Enough,Â£51.32,brave-enough_135/index.html
1678122282,Boy Meets Boy,Â£21.12,boy-meets-boy_134/index.html
1678122282,Born to Run: A ...,Â£27.35,born-to-run-a-hidden-tribe-superathletes-and-the-greatest-race-the-world-has-never-seen_133/index.html
1678122282,Blink: The Power of ...,Â£21.74,blink-the-power-of-thinking-without-thinking_132/index.html
1678122282,Black Flags: The Rise ...,Â£40.87,black-flags-the-rise-of-isis_131/index.html
1678122282,"Black Butler, Vol. 1 ...",Â£49.31,black-butler-vol-1-black-butler-1_130/index.html
1678122282,Big Little Lies,Â£22.11,big-little-lies_129/index.html
1678122282,Between Shades of Gray,Â£20.79,between-shades-of-gray_128/index.html
1678122282,Best of My Love ...,Â£27.41,best-of-my-love-fools-gold-20_127/index.html
1678122282,Beowulf,Â£38.35,beowulf_126/index.html
1678122282,Beautiful Creatures (Caster Chronicles ...,Â£21.55,beautiful-creatures-caster-chronicles-1_125/index.html
1678122282,Awkward,Â£38.02,awkward_124/index.html
1678122282,Ash,Â£22.06,ash_123/index.html
1678122282,Are We There Yet?,Â£10.66,are-we-there-yet_122/index.html
1678122282,Are We Smart Enough ...,Â£56.58,are-we-smart-enough-to-know-how-smart-animals-are_121/index.html
1678122287,Annie on My Mind,Â£36.83,annie-on-my-mind_120/index.html
1678122287,And Then There Were ...,Â£35.01,and-then-there-were-none_119/index.html
1678122287,A Walk in the ...,Â£30.48,a-walk-in-the-woods-rediscovering-america-on-the-appalachian-trail_118/index.html
1678122287,A Visit from the ...,Â£14.08,a-visit-from-the-goon-squad_117/index.html
1678122287,A Storm of Swords ...,Â£31.22,a-storm-of-swords-a-song-of-ice-and-fire-3_116/index.html
1678122287,A Heartbreaking Work of ...,Â£54.29,a-heartbreaking-work-of-staggering-genius_115/index.html
1678122287,8 Keys to Mental ...,Â£31.04,8-keys-to-mental-health-through-exercise_114/index.html
1678122287,#GIRLBOSS,Â£50.96,girlboss_113/index.html
1678122287,The Suffragettes (Little Black ...,Â£11.89,the-suffragettes-little-black-classics-96_112/index.html
1678122287,The Sense of an ...,Â£31.38,the-sense-of-an-ending_111/index.html
1678122287,"The Sandman, Vol. 2: ...",Â£54.81,the-sandman-vol-2-the-dolls-house-the-sandman-volumes-2_110/index.html
1678122287,The Course of Love,Â£16.78,the-course-of-love_109/index.html
1678122287,Sugar Rush (Offensive Line ...,Â£24.42,sugar-rush-offensive-line-2_108/index.html
1678122287,"Saga, Volume 2 (Saga ...",Â£11.75,saga-volume-2-saga-collected-editions-2_107/index.html
1678122287,"Run, Spot, Run: The ...",Â£20.02,run-spot-run-the-ethics-of-keeping-pets_106/index.html
1678122287,New Moon (Twilight #2),Â£12.86,new-moon-twilight-2_105/index.html
1678122287,Life,Â£31.58,life_104/index.html
1678122287,Kindle Paperwhite User's Guide,Â£34.00,kindle-paperwhite-users-guide_103/index.html
1678122287,H is for Hawk,Â£57.42,h-is-for-hawk_102/index.html
1678122287,Girl Online On Tour ...,Â£53.47,girl-online-on-tour-girl-online-2_101/index.html
1678122289,"Fruits Basket, Vol. 2 ...",Â£11.64,fruits-basket-vol-2-fruits-basket-2_100/index.html
1678122289,Diary of a Minecraft ...,Â£52.88,diary-of-a-minecraft-zombie-book-1-a-scare-of-a-dare-an-unofficial-minecraft-book_99/index.html
1678122289,"Y: The Last Man, ...",Â£18.51,y-the-last-man-vol-1-unmanned-y-the-last-man-1_98/index.html
1678122289,While You Were Mine,Â£41.32,while-you-were-mine_97/index.html
1678122289,Where Lightning Strikes (Bleeding ...,Â£39.77,where-lightning-strikes-bleeding-stars-3_96/index.html
1678122289,When I'm Gone,Â£51.96,when-im-gone_95/index.html
1678122289,Ways of Seeing,Â£39.51,ways-of-seeing_94/index.html
1678122289,"Vampire Knight, Vol. 1 ...",Â£15.40,vampire-knight-vol-1-vampire-knight-1_93/index.html
1678122289,Vampire Girl (Vampire Girl ...,Â£53.82,vampire-girl-vampire-girl-1_92/index.html
1678122289,Twenty Love Poems and ...,Â£30.95,twenty-love-poems-and-a-song-of-despair_91/index.html
1678122289,Travels with Charley: In ...,Â£57.82,travels-with-charley-in-search-of-america_90/index.html
1678122289,Three Wishes (River of ...,Â£44.18,three-wishes-river-of-time-california-1_89/index.html
1678122289,This One Moment (Pushing ...,Â£48.71,this-one-moment-pushing-limits-1_88/index.html
1678122289,The Zombie Room,Â£19.69,the-zombie-room_87/index.html
1678122289,The Wicked + The ...,Â£36.52,the-wicked-the-divine-vol-1-the-faust-act-the-wicked-the-divine_86/index.html
1678122289,The Tumor,Â£41.56,the-tumor_85/index.html
1678122289,The Story of Hong ...,Â£43.19,the-story-of-hong-gildong_84/index.html
1678122289,The Silent Wife,Â£12.34,the-silent-wife_83/index.html
1678122289,The Silent Twin (Detective ...,Â£36.25,the-silent-twin-detective-jennifer-knight-3_82/index.html
1678122289,The Selfish Gene,Â£29.45,the-selfish-gene_81/index.html
1678122291,The Secret Healer,Â£34.56,the-secret-healer_80/index.html
1678122291,"The Sandman, Vol. 1: ...",Â£54.12,the-sandman-vol-1-preludes-and-nocturnes-the-sandman-volumes-1_79/index.html
1678122291,The Republic,Â£33.78,the-republic_78/index.html
1678122291,The Odyssey,Â£29.64,the-odyssey_77/index.html
1678122291,The No. 1 Ladies' ...,Â£57.70,the-no-1-ladies-detective-agency-no-1-ladies-detective-agency-1_76/index.html
1678122291,The Nicomachean Ethics,Â£36.34,the-nicomachean-ethics_75/index.html
1678122291,The Name of the ...,Â£50.59,the-name-of-the-wind-the-kingkiller-chronicle-1_74/index.html
1678122291,The Mirror & the ...,Â£29.38,the-mirror-the-maze-the-wrath-and-the-dawn-15_73/index.html
1678122291,The Little Prince,Â£45.42,the-little-prince_72/index.html
1678122291,The Light of the ...,Â£54.43,the-light-of-the-fireflies_71/index.html
1678122291,The Last Girl (The ...,Â£36.26,the-last-girl-the-dominion-trilogy-1_70/index.html
1678122291,The Iliad,Â£16.16,the-iliad_69/index.html
1678122291,The Hook Up (Game ...,Â£36.29,the-hook-up-game-on-1_68/index.html
1678122291,The Haters,Â£27.89,the-haters_67/index.html
1678122291,The Girl You Lost,Â£12.29,the-girl-you-lost_66/index.html
1678122291,The Girl In The ...,Â£15.85,the-girl-in-the-ice-dci-erika-foster-1_65/index.html
1678122291,The End of the ...,Â£14.40,the-end-of-the-jesus-era-an-investigation-1_64/index.html
1678122291,The Edge of Reason ...,Â£19.18,the-edge-of-reason-bridget-jones-2_63/index.html
1678122291,The Complete Maus (Maus ...,Â£10.64,the-complete-maus-maus-1-2_62/index.html
1678122291,The Communist Manifesto,Â£14.76,the-communist-manifesto_61/index.html
1678122294,The Bhagavad Gita,Â£57.49,the-bhagavad-gita_60/index.html
1678122294,The Bette Davis Club,Â£30.66,the-bette-davis-club_59/index.html
1678122294,The Art of Not ...,Â£40.83,the-art-of-not-breathing_58/index.html
1678122294,Taking Shots (Assassins #1),Â£18.88,taking-shots-assassins-1_57/index.html
1678122294,Starlark,Â£25.83,starlark_56/index.html
1678122294,"Skip Beat!, Vol. 01 ...",Â£42.12,skip-beat-vol-01-skip-beat-1_55/index.html
1678122294,Sister Sable (The Mad ...,Â£13.33,sister-sable-the-mad-queen-1_54/index.html
1678122294,Shatter Me (Shatter Me ...,Â£42.40,shatter-me-shatter-me-1_53/index.html
1678122294,Shameless,Â£58.35,shameless_52/index.html
1678122294,Shadow Rites (Jane Yellowrock ...,Â£21.72,shadow-rites-jane-yellowrock-10_51/index.html
1678122294,Settling the Score (The ...,Â£44.91,settling-the-score-the-summer-games-1_50/index.html
1678122294,Sense and Sensibility,Â£37.46,sense-and-sensibility_49/index.html
1678122294,"Saga, Volume 1 (Saga ...",Â£28.48,saga-volume-1-saga-collected-editions-1_48/index.html
1678122294,"Rhythm, Chord & Malykhin",Â£28.34,rhythm-chord-malykhin_47/index.html
1678122294,"Rat Queens, Vol. 1: ...",Â£46.96,rat-queens-vol-1-sass-sorcery-rat-queens-collected-editions-1-5_46/index.html
1678122294,Paradise Lost (Paradise #1),Â£24.96,paradise-lost-paradise-1_45/index.html
1678122294,"Paper Girls, Vol. 1 ...",Â£21.71,paper-girls-vol-1-paper-girls-1-5_44/index.html
1678122294,Ouran High School Host ...,Â£29.87,ouran-high-school-host-club-vol-1-ouran-high-school-host-club-1_43/index.html
1678122294,Origins (Alphas 0.5),Â£28.99,origins-alphas-05_42/index.html
1678122294,One Second (Seven #7),Â£52.94,one-second-seven-7_41/index.html
1678122297,On the Road (Duluoz ...,Â£32.36,on-the-road-duluoz-legend_40/index.html
1678122297,Old Records Never Die: ...,Â£55.66,old-records-never-die-one-mans-quest-for-his-vinyl-and-his-past_39/index.html
1678122297,Off Sides (Off #1),Â£39.45,off-sides-off-1_38/index.html
1678122297,Of Mice and Men,Â£47.11,of-mice-and-men_37/index.html
1678122297,Myriad (Prentor #1),Â£58.75,myriad-prentor-1_36/index.html
1678122297,My Perfect Mistake (Over ...,Â£38.92,my-perfect-mistake-over-the-top-1_35/index.html
1678122297,"Ms. Marvel, Vol. 1: ...",Â£39.39,ms-marvel-vol-1-no-normal-ms-marvel-2014-2015-1_34/index.html
1678122297,Meditations,Â£25.89,meditations_33/index.html
1678122297,Matilda,Â£28.34,matilda_32/index.html
1678122297,Lost Among the Living,Â£27.70,lost-among-the-living_31/index.html
1678122297,Lord of the Flies,Â£24.89,lord-of-the-flies_30/index.html
1678122297,Listen to Me (Fusion ...,Â£58.99,listen-to-me-fusion-1_29/index.html
1678122297,Kitchens of the Great ...,Â£57.20,kitchens-of-the-great-midwest_28/index.html
1678122297,Jane Eyre,Â£38.43,jane-eyre_27/index.html
1678122297,Imperfect Harmony,Â£34.74,imperfect-harmony_26/index.html
1678122297,Icing (Aces Hockey #2),Â£40.44,icing-aces-hockey-2_25/index.html
1678122297,"Hawkeye, Vol. 1: My ...",Â£45.24,hawkeye-vol-1-my-life-as-a-weapon-hawkeye-1_24/index.html
1678122297,Having the Barbarian's Baby ...,Â£34.96,having-the-barbarians-baby-ice-planet-barbarians-75_23/index.html
1678122297,"Giant Days, Vol. 1 ...",Â£56.76,giant-days-vol-1-giant-days-1-4_22/index.html
1678122297,"Fruits Basket, Vol. 1 ...",Â£40.28,fruits-basket-vol-1-fruits-basket-1_21/index.html
1678122300,Frankenstein,Â£38.00,frankenstein_20/index.html
1678122300,Forever Rockers (The Rocker ...,Â£28.80,forever-rockers-the-rocker-12_19/index.html
1678122300,Fighting Fate (Fighting #6),Â£39.24,fighting-fate-fighting-6_18/index.html
1678122300,Emma,Â£32.93,emma_17/index.html
1678122300,"Eat, Pray, Love",Â£51.32,eat-pray-love_16/index.html
1678122300,Deep Under (Walker Security ...,Â£47.09,deep-under-walker-security-1_15/index.html
1678122300,Choosing Our Religion: The ...,Â£28.42,choosing-our-religion-the-spiritual-lives-of-americas-nones_14/index.html
1678122300,Charlie and the Chocolate ...,Â£22.85,charlie-and-the-chocolate-factory-charlie-bucket-1_13/index.html
1678122300,Charity's Cross (Charles Towne ...,Â£41.24,charitys-cross-charles-towne-belles-4_12/index.html
1678122300,Bright Lines,Â£39.07,bright-lines_11/index.html
1678122300,Bridget Jones's Diary (Bridget ...,Â£29.82,bridget-joness-diary-bridget-jones-1_10/index.html
1678122300,Bounty (Colorado Mountain #7),Â£37.26,bounty-colorado-mountain-7_9/index.html
1678122300,Blood Defense (Samantha Brinkman ...,Â£20.30,blood-defense-samantha-brinkman-1_8/index.html
1678122300,"Bleach, Vol. 1: Strawberry ...",Â£34.65,bleach-vol-1-strawberry-and-the-soul-reapers-bleach-1_7/index.html
1678122300,Beyond Good and Evil,Â£43.38,beyond-good-and-evil_6/index.html
1678122300,Alice in Wonderland (Alice's ...,Â£55.53,alice-in-wonderland-alices-adventures-in-wonderland-1_5/index.html
1678122300,"Ajin: Demi-Human, Volume 1 ...",Â£57.06,ajin-demi-human-volume-1-ajin-demi-human-1_4/index.html
1678122300,A Spy's Devotion (The ...,Â£16.97,a-spys-devotion-the-regency-spies-of-london-1_3/index.html
1678122300,1st to Die (Women's ...,Â£53.98,1st-to-die-womens-murder-club-1_2/index.html
1678122300,"1,000 Places to See ...",Â£26.08,1000-places-to-see-before-you-die_1/index.html
